Id,GT,fed
1350,1,1
1650,0,0
3422,0,0
4514,0,0
4998,1,1
5038,0,0
5476,0,0
5578,0,0
7018,1,0
7091,0,0
8300,0,0
8585,0,0
9391,1,1
10212,1,1
12428,1,0
12789,0,0
13255,0,0
13459,0,0
13461,0,0
14040,0,0
14230,0,0
14283,0,0
16409,1,1
16676,1,1
17296,0,0
17526,0,0
18812,0,0
19810,0,0
20620,0,0
20786,0,0
21532,1,0
21970,0,0
23050,0,0
23093,0,0
23900,0,0
24369,0,0
25679,0,0
25917,0,0
27248,0,0
28006,0,0
28101,1,1
29501,1,1
29503,1,1
29633,0,0
29688,1,1
30097,0,0
30277,0,0
31256,0,0
31344,1,1
31416,0,0
31588,0,0
31615,0,0
32063,1,1
32996,0,0
36053,0,0
37003,0,0
37148,1,0
37276,1,0
37427,1,1
39313,1,1
39343,0,0
39786,1,0
40798,0,0
41223,1,1
42170,0,0
42346,0,0
42961,0,0
43394,0,0
44446,0,0
45801,0,0
46308,0,0
47072,0,0
47339,0,0
47518,0,0
47695,1,1
48440,1,0
49087,0,0
49282,0,0
50566,0,0
52103,1,0
52848,0,0
54327,1,0
56472,0,0
58121,0,0
58251,0,0
58977,0,0
59140,0,0
59532,0,0
60121,1,1
60903,0,0
60954,1,0
61577,0,0
62028,1,1
62346,1,0
63286,0,0
63524,0,0
63574,1,1
64046,0,0
64943,0,0
66020,0,0
67730,0,0
67826,0,0
68756,1,1
69275,0,0
71148,0,0
72635,1,0
72873,0,0
72939,0,0
73267,0,0
74689,1,0
75155,1,0
75624,1,0
76984,0,0
77485,0,0
77901,0,0
78593,0,0
79024,0,0
80881,0,0
80950,1,1
82393,0,0
82451,0,0
82720,1,1
83567,1,1
83682,0,0
83728,0,0
83791,1,1
83804,0,0
84243,1,0
84678,0,0
85635,1,0
86078,0,0
86690,1,0
86740,1,0
86829,0,0
87591,0,0
88365,0,0
88892,0,0
90139,1,1
90269,0,0
90377,0,0
92693,0,0
93572,1,0
94249,1,0
94317,0,0
94525,0,0
94781,0,0
94904,0,0
95928,0,0
95948,0,0
95961,1,1
96029,1,0
96388,0,0
96444,0,0
97935,0,0
99091,1,0
100311,0,0
100329,0,0
100655,0,0
102286,0,0
102582,1,1
104314,1,0
104422,0,0
107373,1,0
108326,0,0
109050,1,0
109232,0,0
109635,0,0
110111,0,0
110377,0,0
110382,0,0
110674,1,1
110747,1,1
111641,0,0
112031,0,0
112414,0,0
113530,1,1
113587,1,1
113939,1,1
114037,0,0
114040,0,0
114325,0,0
114384,0,0
114854,0,0
115204,0,0
115707,0,0
115738,0,0
116067,1,0
117533,0,0
117687,0,0
118264,0,0
118389,1,1
120225,0,0
120301,0,0
121031,0,0
121193,1,1
121733,0,0
121883,0,0
122239,1,0
122760,0,0
123457,0,0
125208,0,0
125458,0,0
127677,1,0
127680,0,0
128933,1,0
129037,1,1
129325,0,0
131593,0,0
132166,0,0
132366,0,0
132666,1,1
132722,0,0
133284,1,1
134232,0,0
135489,0,0
136236,0,0
136994,1,1
137088,1,1
137355,0,0
137665,1,1
137899,0,0
139234,0,0
139343,1,1
140118,0,0
141455,0,0
142984,1,0
143032,0,0
143165,0,0
144624,0,0
144689,0,0
144769,0,0
145040,0,0
145157,1,0
145293,0,0
148202,1,1
148531,1,0
148899,0,0
150980,0,0
151004,0,0
151204,1,1
151352,0,0
152329,0,0
152654,1,0
152655,0,0
152705,0,0
153303,0,0
154128,1,0
154629,0,0
154767,0,0
155181,0,0
155503,0,0
158035,1,1
158085,0,0
158344,1,1
158412,0,0
160890,0,0
160936,0,0
161538,1,0
162470,0,0
162601,0,0
163736,1,1
163741,0,0
164076,0,0
164595,1,1
165666,1,1
166013,0,0
166214,1,1
166979,1,1
167301,0,0
167915,1,1
168086,1,1
168946,0,0
169308,0,0
169341,1,0
170313,0,0
170941,0,0
171280,1,1
171535,0,0
172353,0,0
173542,0,0
173917,1,0
174136,0,0
174168,0,0
174532,1,0
174565,1,0
175481,0,0
175640,0,0
178221,0,0
180830,0,0
181153,0,0
181390,1,0
181642,0,0
182201,0,0
183026,0,0
183032,1,1
183721,0,0
185428,0,0
185718,1,0
185833,0,0
186376,1,0
188131,1,0
189769,0,0
190340,0,0
190569,0,0
191294,1,0
191340,1,0
191439,0,0
191796,0,0
192739,0,0
193447,0,0
194680,0,0
195175,0,0
195356,0,0
195431,0,0
196688,0,0
197397,0,0
197912,0,0
197965,0,0
198222,1,0
199057,0,0
200480,1,1
200568,0,0
200958,0,0
201486,0,0
202697,0,0
202944,1,0
204154,1,0
204177,0,0
205608,0,0
206033,1,0
206871,0,0
207265,0,0
207635,0,0
208349,0,0
208364,0,0
208886,0,0
209185,0,0
209343,1,0
209580,0,0
209646,1,1
209824,0,0
209860,1,1
212732,0,0
213388,0,0
213416,0,0
214479,0,0
215009,0,0
215725,0,0
216085,0,0
216232,0,0
216391,1,0
216570,1,1
217348,0,0
217683,0,0
218327,0,0
219491,1,0
219764,1,0
220327,1,1
222090,0,0
222618,0,0
222854,0,0
224181,0,0
224303,1,1
225008,1,0
225013,0,0
225937,0,0
226092,1,1
226810,0,0
226938,1,0
227147,0,0
227303,0,0
227407,0,0
228893,0,0
229072,0,0
230555,0,0
231040,0,0
232203,0,0
232376,1,0
233360,0,0
235592,0,0
236632,0,0
237149,0,0
237431,0,0
237569,0,0
238286,0,0
238338,0,0
239080,0,0
239249,0,0
239323,0,0
239800,0,0
239833,0,0
240036,0,0
240504,0,0
241772,0,0
242976,0,0
243572,0,0
245763,0,0
246114,0,0
246287,0,0
246573,1,1
247009,1,0
247406,0,0
247597,1,1
248562,0,0
249202,1,0
249780,1,0
250741,0,0
250934,0,0
250951,0,0
252507,0,0
252597,0,0
252664,0,0
252707,0,0
253151,0,0
253178,0,0
253287,0,0
254824,0,0
255072,0,0
255090,1,0
255434,0,0
255664,0,0
255947,0,0
256674,0,0
258279,0,0
259550,0,0
259846,1,0
260488,1,1
261370,1,0
261727,0,0
263200,0,0
263258,0,0
263688,1,0
264607,0,0
264635,0,0
264846,0,0
265336,0,0
265944,0,0
265977,1,0
266100,0,0
266478,0,0
266801,0,0
267490,1,1
269328,0,0
269488,0,0
269673,1,0
271265,0,0
272106,0,0
272202,1,1
273311,0,0
274542,1,0
274973,0,0
275901,1,1
276644,1,1
277172,1,1
278675,0,0
278833,0,0
279129,0,0
280384,0,0
282101,1,1
283241,1,0
284252,0,0
284886,0,0
285414,0,0
285809,1,0
286777,0,0
287850,1,1
288172,0,0
288405,1,0
288982,1,1
288991,0,0
289458,1,1
289769,0,0
289820,0,0
290188,0,0
290442,0,0
290457,1,1
290670,0,0
291375,0,0
291418,0,0
291545,1,0
292330,0,0
292392,1,0
293332,0,0
293673,1,1
293843,0,0
293879,1,0
293939,1,0
296276,0,0
296697,0,0
296837,0,0
297387,0,0
297510,0,0
298102,0,0
299344,1,1
299574,1,0
299946,0,0
300170,0,0
300173,0,0
300879,1,0
301514,0,0
301741,1,1
302554,0,0
304484,1,1
304685,0,0
304965,0,0
305419,0,0
305463,0,0
308451,0,0
308709,0,0
310372,0,0
310812,1,0
311625,1,1
312671,0,0
313545,0,0
313596,0,0
314736,0,0
315539,0,0
315858,0,0
316171,0,0
316703,0,0
317477,0,0
318039,0,0
318799,0,0
319476,0,0
320137,1,0
321573,0,0
321616,1,1
322609,0,0
323198,1,0
324013,1,1
324249,0,0
324963,1,1
325018,0,0
325615,1,1
325860,0,0
326229,0,0
326608,0,0
327124,1,0
327373,0,0
327397,1,1
327726,0,0
327783,1,0
327894,1,0
328276,1,1
328701,1,1
328834,1,0
329008,0,0
329556,0,0
329652,0,0
330112,1,1
330411,0,0
331941,0,0
331985,1,1
332051,0,0
333339,0,0
333446,0,0
333535,1,0
334349,0,0
336538,1,1
336633,1,1
337044,1,1
337168,0,0
338218,0,0
338640,0,0
338763,1,1
340072,1,0
340087,0,0
341045,1,1
341339,1,0
341629,0,0
341893,0,0
342064,0,0
342944,1,1
343220,0,0
344245,1,1
345279,0,0
345586,0,0
348709,1,1
348757,1,1
349586,1,0
350903,0,0
351332,1,1
352020,0,0
352301,0,0
352870,1,1
354126,0,0
355118,0,0
355261,0,0
356064,0,0
357623,0,0
357638,0,0
357687,0,0
357810,0,0
358423,0,0
358645,1,1
360230,0,0
360367,0,0
360737,0,0
360848,1,0
361387,0,0
362723,0,0
362963,1,1
363937,0,0
364476,0,0
364598,0,0
364745,0,0
364924,1,1
365143,0,0
365648,0,0
366347,0,0
366474,0,0
367460,1,0
367712,0,0
368937,0,0
368944,0,0
369084,1,0
369327,0,0
369432,1,1
370023,0,0
371038,0,0
371573,0,0
372655,1,0
372659,0,0
374264,0,0
374780,0,0
375016,1,0
375969,0,0
376609,1,1
377083,0,0
377792,0,0
378189,0,0
379813,0,0
380068,1,0
380143,1,1
380388,1,0
381151,0,0
381268,0,0
382646,1,1
382838,0,0
383294,0,0
383877,1,0
383961,0,0
384289,0,0
385147,0,0
385239,1,1
387670,1,1
389105,0,0
389480,0,0
389677,1,1
392663,0,0
394820,1,1
395175,1,1
396076,0,0
396293,1,0
396428,0,0
396549,0,0
396774,1,0
397818,0,0
398544,0,0
398883,0,0
399400,0,0
399666,1,0
399863,0,0
400121,0,0
400271,0,0
400545,0,0
400732,1,0
400790,0,0
401366,0,0
401587,1,1
401831,1,0
403151,1,0
404021,0,0
404161,1,1
405247,0,0
405251,0,0
405908,0,0
406388,1,1
409095,1,0
409940,0,0
409971,0,0
411760,0,0
412064,1,1
412688,1,0
413643,0,0
414474,1,1
414647,0,0
415795,0,0
415876,0,0
416729,0,0
419394,0,0
419519,0,0
420978,0,0
421350,0,0
422183,0,0
422412,0,0
422418,1,0
424226,1,0
425444,0,0
425622,0,0
426970,0,0
427065,0,0
427976,0,0
428506,0,0
428648,0,0
429895,1,1
430314,0,0
431505,0,0
431848,0,0
432175,0,0
432855,1,0
432949,1,1
433701,0,0
434127,1,1
434725,0,0
434783,1,0
435534,1,1
435766,0,0
435803,0,0
436713,0,0
437153,0,0
437589,0,0
438286,0,0
439321,0,0
439862,1,1
440777,0,0
440868,0,0
442482,0,0
442734,0,0
443190,1,0
443679,0,0
443706,0,0
446001,0,0
446031,0,0
446272,0,0
446638,0,0
448473,0,0
448773,1,1
449345,0,0
450379,0,0
450428,0,0
450791,1,1
451257,0,0
451361,0,0
451819,1,1
451960,0,0
453784,0,0
454778,0,0
455452,0,0
455537,0,0
456731,0,0
457960,0,0
458309,0,0
458981,1,0
459216,1,0
459401,0,0
459466,0,0
460986,1,0
461439,0,0
461707,0,0
461934,1,0
463690,1,1
464113,0,0
464135,0,0
464574,0,0
464924,0,0
464999,1,0
465917,0,0
466045,0,0
466546,0,0
467843,0,0
468846,0,0
469409,1,0
470018,0,0
470225,1,1
471659,1,1
472618,0,0
472822,0,0
474778,0,0
477089,0,0
480314,1,0
480333,0,0
480508,0,0
480547,0,0
480838,0,0
480874,1,0
482129,0,0
482705,1,1
483670,0,0
484547,0,0
485561,0,0
486378,1,1
486489,1,1
487187,0,0
487772,0,0
488688,0,0
489060,1,0
489672,1,1
489894,1,0
490767,1,1
491207,1,0
491287,0,0
491853,1,1
492084,0,0
492713,1,0
493783,1,1
493854,1,0
493955,1,0
494184,0,0
494352,0,0
496585,0,0
496665,0,0
496877,0,0
497626,0,0
497981,0,0
498478,0,0
498569,1,1
499105,1,0
500465,1,0
501565,0,0
501608,0,0
501805,0,0
502535,0,0
502852,0,0
503252,0,0
503882,0,0
504221,0,0
505189,0,0
505341,1,1
505768,0,0
505811,0,0
506149,0,0
506464,0,0
506864,0,0
506995,0,0
507244,1,1
508649,1,0
508848,0,0
509804,0,0
510134,1,1
512119,0,0
512647,0,0
513215,0,0
513265,0,0
513310,0,0
513800,1,0
514297,0,0
515302,0,0
516150,0,0
516159,0,0
516469,1,0
518300,0,0
519724,0,0
519752,0,0
520169,0,0
520195,1,1
521043,0,0
523879,0,0
525050,1,0
525685,0,0
525876,0,0
527191,0,0
527509,0,0
527528,0,0
528649,0,0
528699,1,0
529775,0,0
530036,0,0
530529,0,0
530795,0,0
530822,1,1
531954,0,0
532021,0,0
533118,1,0
533866,1,0
533970,0,0
535242,0,0
535958,0,0
536117,0,0
536282,0,0
536497,1,1
537781,0,0
538139,1,1
538260,0,0
538823,0,0
540256,0,0
540296,1,0
540906,0,0
543016,0,0
543733,0,0
543995,1,1
544379,0,0
544474,0,0
544689,0,0
546162,0,0
546550,0,0
546910,0,0
547973,1,0
548518,1,0
549084,0,0
549328,1,1
550027,1,1
550061,0,0
550278,0,0
551613,0,0
552580,1,1
553850,0,0
554119,0,0
554152,0,0
554384,0,0
554659,0,0
554789,0,0
555299,1,0
555846,0,0
555868,1,0
556325,1,0
557011,0,0
557260,0,0
557854,0,0
558078,0,0
559249,1,0
560445,0,0
560946,0,0
561590,0,0
561725,0,0
562215,0,0
562307,1,0
562682,0,0
562744,1,0
563135,0,0
563731,0,0
564022,1,1
564372,0,0
565240,0,0
565840,1,0
566070,0,0
566089,0,0
566337,0,0
567400,0,0
568117,0,0
568151,0,0
568313,0,0
568541,0,0
569581,1,1
569718,1,0
571287,1,1
571498,1,0
571756,0,0
571811,0,0
571933,1,1
573269,0,0
573428,0,0
575450,0,0
575917,0,0
576098,0,0
576177,0,0
578161,1,1
578337,0,0
580055,0,0
580127,0,0
580420,0,0
581387,0,0
583323,0,0
583436,0,0
583523,1,0
583687,0,0
585829,1,0
587533,0,0
587687,0,0
588961,0,0
589498,1,1
589696,0,0
590126,0,0
590328,1,1
590917,0,0
591114,1,0
591415,0,0
591805,0,0
592833,0,0
595134,0,0
596112,1,1
596219,1,0
596319,0,0
596506,1,1
597434,0,0
598166,0,0
598618,1,0
598629,0,0
599463,0,0
599889,0,0
600691,0,0
602508,0,0
603554,0,0
604345,0,0
605053,0,0
607095,0,0
608552,1,0
609477,1,1
609569,0,0
609749,0,0
610419,1,1
611202,0,0
612974,0,0
613698,0,0
615263,0,0
615490,1,1
615662,0,0
616402,0,0
616977,0,0
617299,1,1
617572,1,1
620110,1,1
620574,1,0
621366,0,0
622256,0,0
622463,0,0
623072,0,0
624244,0,0
624577,0,0
625169,0,0
625860,0,0
626953,0,0
627906,0,0
628026,0,0
629033,0,0
629321,1,1
629381,1,0
629578,0,0
629876,0,0
630234,0,0
630654,0,0
631690,0,0
634906,1,1
635206,0,0
636407,0,0
636845,1,1
636883,0,0
637256,1,1
637271,0,0
637433,1,0
637697,0,0
638104,0,0
638135,0,0
638624,0,0
639733,1,0
642576,0,0
642893,0,0
643064,1,0
643589,1,1
643708,1,0
643851,0,0
644982,1,0
645101,1,0
645470,0,0
645831,0,0
646191,1,1
646408,0,0
646892,0,0
647049,0,0
647111,0,0
647290,0,0
647421,1,1
647982,1,1
648923,0,0
649758,0,0
650188,0,0
650729,0,0
651120,0,0
651860,1,1
652200,0,0
652700,0,0
652775,0,0
653120,0,0
653924,1,0
654368,0,0
655032,1,0
655382,0,0
656168,0,0
656754,1,0
657199,1,1
657347,0,0
657617,0,0
658140,1,1
659142,0,0
659766,1,0
660010,0,0
660319,0,0
660342,0,0
660642,1,0
660672,1,0
660972,0,0
661111,1,0
661625,0,0
662546,1,1
662619,0,0
662752,1,1
663480,1,1
663667,0,0
663680,0,0
663883,0,0
664300,0,0
664396,0,0
665214,1,1
665584,0,0
666446,0,0
666769,1,0
667077,1,1
667736,0,0
669315,0,0
670286,0,0
670716,1,1
670810,0,0
671853,0,0
672058,0,0
672146,0,0
674203,0,0
674689,0,0
674706,0,0
674754,0,0
674774,1,0
674804,0,0
675303,0,0
675325,0,0
675968,0,0
676156,1,1
676454,0,0
677105,0,0
677202,1,1
677899,1,1
677937,0,0
678625,0,0
678734,0,0
678766,0,0
678886,0,0
678924,1,0
679300,1,0
679454,0,0
679511,1,0
679614,0,0
680349,0,0
680436,1,1
680581,0,0
681137,1,1
681482,0,0
682712,1,0
682945,0,0
683943,0,0
684341,1,1
685042,1,1
685099,0,0
685162,0,0
686095,1,1
688206,1,1
689290,0,0
690083,0,0
690496,0,0
690555,0,0
690971,0,0
695036,0,0
695108,0,0
695482,0,0
695876,0,0
696401,0,0
696430,0,0
696576,1,1
696795,0,0
697100,1,1
697262,0,0
697759,0,0
697840,0,0
698482,1,1
698976,0,0
699049,1,1
699467,1,0
700456,0,0
701130,1,1
701325,0,0
701676,1,0
702243,0,0
702774,0,0
703081,0,0
703554,1,0
704413,1,0
705062,0,0
705244,0,0
705652,0,0
705895,1,0
706740,0,0
707737,1,0
707861,0,0
708459,1,1
708850,0,0
709047,0,0
709211,1,0
709339,1,0
709692,0,0
710137,1,1
712921,0,0
713232,0,0
713319,0,0
713554,1,1
713982,0,0
715200,1,0
715738,0,0
715743,0,0
716475,1,0
716570,1,1
716868,0,0
717023,1,1
717327,0,0
717456,0,0
717851,0,0
720595,0,0
721040,1,1
721647,0,0
721738,0,0
722472,0,0
722884,0,0
723148,1,0
723817,1,0
723863,0,0
724213,0,0
724539,1,1
725168,0,0
726818,1,0
727712,0,0
727852,0,0
728397,0,0
728717,1,0
729900,0,0
729914,0,0
730205,0,0
730915,0,0
731064,0,0
731609,1,0
732823,0,0
733113,0,0
733929,0,0
733972,1,1
735079,0,0
735272,0,0
736718,0,0
737575,0,0
738943,0,0
739089,0,0
742067,1,0
743804,0,0
744481,1,0
745479,0,0
745943,1,1
748397,0,0
748717,0,0
748832,0,0
749035,0,0
749798,0,0
750427,0,0
751904,0,0
753551,0,0
754750,1,1
755040,1,0
755097,0,0
755908,0,0
756818,0,0
757220,1,0
757224,0,0
757956,1,1
758377,1,0
759740,0,0
761654,1,1
762363,1,0
762691,0,0
762889,0,0
763195,1,0
763851,1,0
764138,1,0
765259,1,1
765700,1,0
765847,0,0
766343,0,0
766405,0,0
767327,0,0
767370,0,0
767549,0,0
767646,0,0
768330,0,0
768581,0,0
768815,1,1
769193,0,0
769355,0,0
770156,0,0
771133,1,1
771981,1,1
772459,1,1
773182,1,1
773331,0,0
774552,0,0
774571,0,0
774922,0,0
775000,0,0
775156,0,0
775727,1,0
776058,0,0
776191,0,0
776529,0,0
776836,1,1
776901,0,0
777416,0,0
777644,0,0
777685,0,0
777830,0,0
778852,0,0
778954,0,0
779805,0,0
780624,1,0
780667,1,1
781574,0,0
782295,0,0
782714,0,0
783217,0,0
783659,1,1
783983,0,0
784162,0,0
784328,0,0
784677,1,0
784884,1,1
787158,0,0
787419,0,0
788257,0,0
788702,0,0
789666,0,0
789774,1,0
791124,0,0
791262,0,0
792005,0,0
792084,0,0
792298,0,0
793917,0,0
794915,1,0
795038,0,0
795052,1,0
795677,0,0
795743,0,0
797331,1,0
798157,1,1
799006,0,0
799426,1,0
799718,1,0
800573,1,0
800645,1,0
801777,1,0
802177,1,0
803274,1,1
805110,1,1
805412,1,1
806678,0,0
809088,0,0
809724,0,0
810093,1,0
811372,0,0
811430,1,1
811905,1,0
812774,1,0
813495,0,0
814071,0,0
814433,1,1
815953,0,0
816406,1,0
816609,0,0
817065,0,0
819169,1,0
820020,0,0
822170,0,0
822256,0,0
823058,0,0
823691,0,0
823916,0,0
824443,1,1
826978,0,0
827102,0,0
827964,1,1
828137,0,0
828323,0,0
828500,1,0
831424,1,1
832107,1,0
833051,0,0
833441,0,0
833462,0,0
833898,1,0
834659,0,0
834982,1,0
835046,0,0
835166,0,0
835526,0,0
836531,0,0
836678,1,1
836836,0,0
837163,0,0
837676,1,1
838049,0,0
838603,1,0
839253,0,0
840112,0,0
840834,0,0
841387,0,0
841508,0,0
841829,1,1
843139,0,0
843374,1,0
843733,0,0
844229,1,1
844855,0,0
844909,0,0
845440,0,0
845728,0,0
846801,1,0
846908,0,0
847948,0,0
848248,1,1
849500,0,0
849530,1,0
849552,0,0
849631,1,0
849654,1,1
849773,0,0
850988,1,1
851036,0,0
851095,0,0
852062,1,0
852779,0,0
853419,0,0
853783,0,0
853923,0,0
854366,0,0
854373,0,0
854403,1,1
854583,0,0
854738,0,0
856455,0,0
856671,1,1
856921,0,0
856932,1,1
857052,1,1
857384,0,0
858458,0,0
858717,0,0
858970,0,0
859966,1,1
860567,0,0
861271,1,0
861297,1,0
862249,0,0
862409,0,0
863160,0,0
864335,0,0
865152,0,0
865305,0,0
865466,1,0
865501,0,0
865822,0,0
867377,1,1
867676,0,0
868175,0,0
868829,0,0
869115,0,0
869871,0,0
871586,0,0
871696,1,0
871733,0,0
872713,1,0
873031,1,1
873448,1,1
873658,1,0
873982,0,0
874355,1,0
876745,1,0
876829,0,0
876855,0,0
877351,1,0
878040,0,0
878167,0,0
879185,0,0
879910,1,0
880530,0,0
881536,0,0
881681,0,0
883004,0,0
883909,1,0
884924,1,0
885122,1,0
885709,1,0
885819,0,0
886598,1,1
886865,0,0
886874,1,1
887446,0,0
887699,1,0
887871,0,0
888715,0,0
889140,0,0
889246,0,0
890509,0,0
892313,1,1
893249,1,0
893460,1,0
893915,0,0
894345,0,0
894698,0,0
894824,0,0
895203,0,0
896810,0,0
897070,0,0
898208,0,0
900277,0,0
900466,1,1
900726,1,0
901905,0,0
902902,0,0
904417,0,0
904593,0,0
905094,0,0
905587,0,0
905673,0,0
906894,0,0
907151,0,0
907337,0,0
907349,1,1
907576,0,0
907834,0,0
908066,0,0
908427,0,0
908562,0,0
909376,0,0
909771,0,0
911378,0,0
911811,0,0
911849,1,0
912023,0,0
913104,0,0
913660,0,0
913901,1,1
914044,0,0
914833,1,1
915180,0,0
916096,0,0
916831,1,1
917095,0,0
917349,1,0
917463,0,0
917744,0,0
918085,0,0
918617,0,0
920123,0,0
920675,0,0
920826,0,0
921577,0,0
921654,0,0
921877,0,0
922429,1,1
922686,0,0
922750,0,0
924227,0,0
924483,1,1
924796,0,0
925434,0,0
925773,1,1
926619,0,0
927374,0,0
927661,0,0
928129,0,0
928506,0,0
928697,0,0
929078,1,0
929308,0,0
929920,0,0
929946,1,1
930443,0,0
931663,1,1
931972,0,0
932679,0,0
932951,1,1
933760,0,0
934249,0,0
934452,0,0
935417,0,0
936065,0,0
936418,0,0
936538,0,0
936581,0,0
936630,1,0
936938,1,1
936967,0,0
937593,1,1
938494,1,1
939225,0,0
939341,0,0
939628,1,1
939810,0,0
940205,0,0
940604,1,1
940859,0,0
941175,1,1
941323,0,0
941417,0,0
941459,1,1
942111,0,0
942160,1,1
942371,0,0
943027,0,0
943942,0,0
945004,0,0
945528,1,0
945889,0,0
946114,0,0
946568,1,0
947378,1,1
948349,0,0
949399,0,0
949821,1,0
950309,0,0
950528,0,0
951201,0,0
951221,0,0
951572,0,0
951886,0,0
952202,1,1
953024,0,0
953292,0,0
953525,0,0
953827,0,0
954101,0,0
954446,0,0
954532,0,0
954742,0,0
955453,0,0
955824,1,0
955952,0,0
956406,1,0
956480,0,0
957596,0,0
958394,0,0
958781,0,0
959622,0,0
961293,1,1
961676,0,0
962186,1,0
963844,1,0
963962,1,1
964057,1,0
965372,1,0
966867,1,1
967365,0,0
967778,0,0
968225,1,0
969807,1,1
970389,0,0
971466,1,1
971972,0,0
972267,0,0
972451,1,1
973001,1,0
973855,0,0
974683,0,0
974777,1,1
974815,1,1
974930,1,1
976049,0,0
976053,1,1
976771,1,0
977200,0,0
977397,0,0
977478,0,0
978946,1,0
979808,0,0
979869,0,0
979906,1,1
980680,0,0
981048,0,0
981595,0,0
982206,0,0
982630,0,0
982770,1,1
983133,0,0
983710,0,0
984447,0,0
985085,0,0
985492,0,0
985848,0,0
985896,1,1
986002,1,1
986342,0,0
986728,0,0
987003,1,0
987508,0,0
987828,1,0
987902,1,0
988432,0,0
988435,0,0
989214,1,0
990290,1,0
990669,1,1
991177,0,0
991531,0,0
991668,1,0
992012,0,0
993833,0,0
995227,0,0
995311,1,1
996032,1,0
996422,0,0
998209,0,0
998229,1,1
998986,0,0
999386,0,0
999413,0,0
1000006,1,1
1000217,0,0
1000857,1,1
1001704,0,0
1002321,1,1
1002915,0,0
1003089,0,0
1003103,0,0
1003899,0,0
1004838,0,0
1005187,0,0
1006307,0,0
1007679,0,0
1007731,1,0
1007860,1,1
1007948,0,0
1008226,0,0
1010993,0,0
1012182,1,1
1012206,0,0
1012627,0,0
1012906,0,0
1013113,0,0
1013418,0,0
1014676,0,0
1014692,0,0
1016118,1,1
1017077,1,0
1017780,0,0
1018364,0,0
1018942,0,0
1019125,0,0
1019202,0,0
1020513,1,0
1021154,1,1
1021404,0,0
1021893,0,0
1022889,0,0
1023138,0,0
1023829,0,0
1024494,0,0
1024596,0,0
1024749,0,0
1025173,0,0
1025950,1,0
1026522,0,0
1027614,0,0
1028469,1,0
1028580,1,0
1028606,0,0
1030963,0,0
1031017,0,0
1031281,1,1
1032378,1,0
1033117,1,0
1033547,0,0
1033614,0,0
1033760,0,0
1034306,0,0
1034920,0,0
1035851,0,0
1036290,0,0
1037430,1,1
1038709,0,0
1039179,1,0
1039996,0,0
1041456,0,0
1043107,0,0
1044010,1,1
1044414,0,0
1044597,1,0
1045206,1,1
1045771,0,0
1046086,1,0
1046583,0,0
1046966,0,0
1046967,0,0
1047152,0,0
1047495,1,1
1048368,0,0
1048831,0,0
1049916,1,0
1050295,1,0
1051461,1,1
1051689,0,0
1052118,0,0
1052494,1,0
1052960,0,0
1053781,1,0
1054579,0,0
1054966,0,0
1054977,0,0
1054994,0,0
1055283,0,0
1056754,1,1
1056847,0,0
1056936,0,0
1056948,1,1
1058327,0,0
1058976,0,0
1059136,0,0
1061042,0,0
1061196,0,0
1062756,0,0
1064025,0,0
1064057,1,0
1064709,0,0
1064800,1,0
1066616,1,1
1067404,1,1
1067759,1,1
1067799,1,1
1068865,1,1
1069033,0,0
1069977,1,1
1071108,0,0
1071602,1,0
1072692,0,0
1072721,0,0
1073146,1,1
1074354,0,0
1075002,0,0
1075232,0,0
1075238,0,0
1075576,1,0
1076706,1,1
1076842,0,0
1077057,1,0
1077112,0,0
1078268,0,0
1078438,0,0
1080023,1,1
1080742,0,0
1081031,1,0
1083032,1,0
1083057,0,0
1084231,1,1
1084266,0,0
1084599,1,0
1084603,1,0
1084736,1,0
1085499,1,1
1086284,0,0
1086927,0,0
1088932,0,0
1089086,0,0
1089205,0,0
1090088,1,1
1090596,0,0
1090871,0,0
1091239,0,0
1091990,1,0
1092710,0,0
1092752,0,0
1093123,0,0
1094091,0,0
1094708,0,0
1096073,0,0
1096083,0,0
1096540,0,0
1098200,1,0
1099477,1,0
1099488,1,1
1100528,0,0
1101079,1,1
1101262,0,0
1101612,0,0
1102199,0,0
1102407,1,0
1102865,1,0
1103355,1,0
1103444,0,0
1103496,0,0
1103907,0,0
1104338,0,0
1104531,0,0
1104936,0,0
1105402,0,0
1106915,0,0
1107163,0,0
1107920,1,0
1108093,1,0
1109599,1,0
1109797,1,1
1110661,0,0
1110773,0,0
1111339,1,1
1112404,0,0
1112992,0,0
1113190,0,0
1113389,0,0
1113434,0,0
1114445,0,0
1115048,0,0
1115348,0,0
1115838,0,0
1116124,0,0
1116682,0,0
1119427,0,0
1120817,1,1
1122765,0,0
1124306,0,0
1125827,0,0
1126337,1,1
1126372,0,0
1126848,1,1
1127155,0,0
1127440,0,0
1127981,0,0
1129697,1,0
1130910,1,0
1133235,1,1
1133832,0,0
1135056,0,0
1136337,1,1
1136349,0,0
1136919,1,0
1137547,0,0
1137876,0,0
1138535,0,0
1139099,0,0
1139824,0,0
1141970,1,1
1142138,0,0
1142841,0,0
1142871,0,0
1144478,0,0
1144626,0,0
1145042,0,0
1145201,0,0
1146076,0,0
1147778,0,0
1148385,0,0
1148469,0,0
1148578,0,0
1149156,1,0
1150898,1,1
1151222,0,0
1151272,1,0
1151481,1,1
1151607,1,1
1152076,0,0
1152126,1,0
1152282,1,0
1152609,1,0
1152846,0,0
1155872,1,1
1155891,0,0
1156529,1,1
1156843,0,0
1158384,0,0
1158597,0,0
1159024,1,0
1159588,0,0
1160008,1,1
1160282,0,0
1160782,0,0
1161204,1,0
1161567,0,0
1161613,0,0
1162647,0,0
1162707,0,0
1162935,1,0
1163085,0,0
1163396,0,0
1164308,0,0
1165354,0,0
1165911,1,1
1166083,0,0
1166226,1,0
1166998,0,0
1167342,0,0
1168335,0,0
1168638,0,0
1168806,1,0
1169229,0,0
1169430,1,0
1169977,0,0
1170219,0,0
1170985,1,1
1171454,0,0
1171667,0,0
1172523,1,0
1172535,0,0
1172960,1,1
1173018,0,0
1173074,1,0
1173675,0,0
1173787,0,0
1174092,0,0
1174267,0,0
1174700,1,1
1175022,0,0
1175293,0,0
1175592,0,0
1175600,0,0
1175750,0,0
1175869,0,0
1175913,0,0
1175979,0,0
1176069,0,0
1176166,0,0
1176278,1,0
1176979,0,0
1177247,0,0
1177590,0,0
1178635,0,0
1178940,0,0
1179562,0,0
1179871,0,0
1181658,1,0
1181984,0,0
1182142,0,0
1183617,0,0
1184699,1,0
1185789,0,0
1186960,0,0
1188073,1,0
1188546,0,0
1189448,1,0
1189654,1,1
1192383,0,0
1193150,0,0
1193195,1,0
1193453,0,0
1193957,0,0
1194883,0,0
1196669,0,0
1196988,0,0
1197558,0,0
1198981,0,0
1201154,0,0
1201589,0,0
1201796,0,0
1203393,1,0
1204174,1,1
1204618,1,0
1205460,1,1
1205906,0,0
1206449,0,0
1207147,0,0
1207287,1,1
1208127,0,0
1208753,0,0
1209612,1,0
1210027,1,1
1210143,1,0
1210782,0,0
1211097,1,0
1212786,0,0
1213010,0,0
1214067,0,0
1215925,0,0
1216206,0,0
1217313,1,1
1217492,0,0
1217712,1,0
1218295,0,0
1218465,1,1
1219899,0,0
1220469,1,1
1221385,0,0
1221607,0,0
1221762,0,0
1222269,0,0
1223315,1,0
1224002,0,0
1225130,1,1
1226445,0,0
1227009,0,0
1227245,0,0
1227814,0,0
1227853,0,0
1228084,1,1
1228310,0,0
1228797,1,1
1229978,0,0
1230228,0,0
1230644,0,0
1232026,0,0
1233928,0,0
1234216,1,0
1234269,1,1
1236406,0,0
1236704,0,0
1236880,1,1
1236940,1,1
1237181,0,0
1237398,1,0
1237924,0,0
1238048,1,1
1238275,0,0
1238930,1,1
1239491,1,0
1240826,1,0
1241251,1,1
1241312,0,0
1242224,0,0
1242381,1,0
1242957,1,0
1243456,0,0
1243981,0,0
1244432,0,0
1244530,0,0
1244808,0,0
1244892,0,0
1246758,0,0
1247350,1,0
1247595,1,0
1247827,0,0
1248503,1,0
1249124,0,0
1249864,0,0
1250541,0,0
1250900,1,1
1251037,1,1
1251663,0,0
1251666,1,0
1251964,1,1
1252180,1,0
1252287,0,0
1252753,1,1
1253873,1,1
1253966,0,0
1254526,0,0
1254722,0,0
1256748,0,0
1256827,1,0
1257680,0,0
1257863,1,1
1257932,0,0
1258850,0,0
1259593,0,0
1259603,1,1
1260069,1,0
1260151,1,0
1260168,0,0
1260434,1,1
1261912,0,0
1262487,0,0
1262644,1,0
1262810,1,1
1262863,0,0
1262882,0,0
1264485,0,0
1264671,0,0
1264696,0,0
1264874,0,0
1264985,0,0
1265112,1,0
1266089,1,0
1266906,0,0
1267429,0,0
1267601,0,0
1267659,1,1
1270676,0,0
1271390,0,0
1271757,0,0
1272843,0,0
1272970,0,0
1273313,0,0
1274016,0,0
1274432,0,0
1274623,0,0
1275567,1,0
1276046,0,0
1276919,1,1
1277620,0,0
1278365,0,0
1278563,1,0
1279262,1,0
1280011,0,0
1281416,1,0
1282224,1,0
1282482,0,0
1283050,0,0
1283127,0,0
1283503,0,0
1284377,1,0
1284596,0,0
1285018,1,0
1285239,1,1
1285502,0,0
1285911,0,0
1286025,0,0
1286475,1,1
1286476,1,1
1287254,0,0
1287273,0,0
1287545,0,0
1287640,0,0
1287687,0,0
1288093,0,0
1289001,1,1
1290589,0,0
1291674,1,1
1292388,0,0
1293796,0,0
1293831,0,0
1294387,1,0
1294896,1,1
1295953,1,1
1297293,0,0
1297376,1,1
1297543,0,0
1297955,1,0
1298678,0,0
1298714,0,0
1299047,0,0
1299485,0,0
1299597,0,0
1299970,0,0
1300284,0,0
1300776,1,1
1301259,0,0
1301824,0,0
1303045,1,1
1303649,1,1
1303764,0,0
1304065,0,0
1304471,0,0
1304956,1,1
1305365,0,0
1306491,1,1
1306513,1,0
1306792,0,0
1307689,0,0
1308566,1,1
1308996,1,0
1309383,0,0
1309639,0,0
1309962,0,0
1310497,0,0
1310898,0,0
1311083,1,1
1311428,0,0
1311531,1,0
1313007,1,1
1313365,1,1
1313680,0,0
1314965,0,0
1315112,0,0
1315158,0,0
1316284,0,0
1316369,0,0
1317140,1,0
1317437,0,0
1317511,0,0
1318581,1,0
1319145,0,0
1319588,0,0
1319736,0,0
1320067,0,0
1320073,1,1
1320960,0,0
1321330,1,0
1321828,0,0
1322654,0,0
1322807,0,0
1322839,0,0
1323091,0,0
1324525,0,0
1325275,0,0
1325779,0,0
1325912,0,0
1326720,0,0
1326812,1,1
1329021,0,0
1330102,0,0
1330246,1,1
1330817,0,0
1330861,1,1
1331906,1,0
1334079,0,0
1334167,1,1
1334474,0,0
1334663,0,0
1334995,0,0
1335069,0,0
1336150,1,1
1336476,0,0
1336726,0,0
1336752,1,0
1336997,0,0
1337947,1,0
1340150,0,0
1340434,0,0
1341194,0,0
1341580,1,0
1341694,0,0
1341885,0,0
1342292,0,0
1342600,0,0
1342986,1,1
1343323,0,0
1343453,1,1
1343695,0,0
1344313,0,0
1344531,1,1
1345534,0,0
1347090,0,0
1347838,0,0
1347888,0,0
1348869,1,0
1349241,0,0
1349708,0,0
1351444,0,0
1351996,1,0
1352382,0,0
1352386,0,0
1352464,0,0
1352780,0,0
1353175,0,0
1355232,1,1
1355511,0,0
1355846,0,0
1356293,0,0
1357126,0,0
1357943,0,0
1358240,0,0
1358931,0,0
1359208,0,0
1360241,1,0
1360605,0,0
1360804,0,0
1361222,0,0
1361806,0,0
1361973,0,0
1362228,0,0
1362471,1,1
1362816,0,0
1362856,1,1
1363341,0,0
1363431,1,0
1363436,1,0
1364477,0,0
1365704,0,0
1366412,0,0
1366784,0,0
1367788,0,0
1369649,0,0
1369958,0,0
1370366,0,0
1370492,0,0
1370536,0,0
1371570,0,0
1372196,1,1
1372473,0,0
1372727,1,0
1373081,0,0
1373622,1,1
1374532,0,0
1374733,1,0
1375329,0,0
1376331,0,0
1376439,1,1
1376738,1,0
1377795,1,0
1377874,1,0
1381014,0,0
1381048,0,0
1381453,0,0
1381904,0,0
1381985,0,0
1382563,0,0
1382832,0,0
1383438,0,0
1384243,0,0
1384489,0,0
1384714,1,0
1385171,1,1
1385244,0,0
1385918,0,0
1387315,0,0
1387551,0,0
1388198,1,1
1388512,1,1
1389047,0,0
1389245,1,1
1389716,1,0
1390021,0,0
1390857,0,0
1395399,0,0
1397479,1,1
1397606,1,0
1398073,0,0
1398236,0,0
1398356,0,0
1399083,1,0
1399232,0,0
1399428,1,0
1399971,0,0
1400312,1,1
1400689,0,0
1401307,0,0
1401732,1,1
1401796,0,0
1401855,1,1
1403130,1,1
1403192,1,1
1404251,0,0
1404329,1,1
1404545,0,0
1404702,0,0
1405091,0,0
1406526,0,0
1407035,0,0
1407417,1,0
1408637,0,0
1409155,1,0
1409189,0,0
1409662,0,0
1411993,0,0
1413394,0,0
1413506,0,0
1413821,0,0
1414390,0,0
1415163,0,0
1415227,1,0
1417040,0,0
1417401,1,1
1417860,0,0
1418500,0,0
1418585,0,0
1418624,0,0
1419168,0,0
1419967,0,0
1420653,0,0
1420936,0,0
1420990,0,0
1422817,0,0
1424797,1,1
1425242,0,0
1426037,0,0
1428573,0,0
1428698,0,0
1429047,0,0
1429208,0,0
1430748,0,0
1430994,0,0
1432471,0,0
1432680,0,0
1432713,0,0
1434377,0,0
1435680,1,0
1435686,0,0
1436364,0,0
1437083,1,0
1437741,0,0
1437798,0,0
1437989,0,0
1438715,1,1
1439879,0,0
1440486,0,0
1440715,0,0
1441040,0,0
1442015,1,0
1442428,0,0
1443096,0,0
1445381,1,0
1447447,0,0
1448611,0,0
1448952,0,0
1449148,0,0
1449321,0,0
1449407,1,1
1450272,1,1
1451077,1,0
1451227,0,0
1451435,0,0
1452074,0,0
1455528,0,0
1455835,1,1
1456163,0,0
1458868,0,0
1459189,0,0
1459322,0,0
1459433,0,0
1459805,0,0
1460035,0,0
1460231,0,0
1460562,0,0
1461107,0,0
1461124,1,1
1461608,1,1
1463545,0,0
1463685,0,0
1465124,0,0
1465169,0,0
1466186,0,0
1467043,0,0
1468257,0,0
1469016,1,1
1471136,0,0
1472080,0,0
1472250,0,0
1472331,0,0
1473355,0,0
1473913,0,0
1474993,0,0
1475062,0,0
1475947,0,0
1476007,0,0
1476122,1,1
1477186,1,1
1477654,0,0
1478745,1,1
1478961,1,1
1478976,0,0
1479177,0,0
1479851,1,1
1479987,0,0
1481848,0,0
1482708,1,1
1484044,0,0
1484958,0,0
1485703,0,0
1485841,0,0
1486744,0,0
1487657,0,0
1487912,0,0
1488734,0,0
1489092,1,1
1489311,0,0
1489414,0,0
1489474,1,1
1489837,0,0
1490668,1,1
1491259,0,0
1491652,0,0
1493182,0,0
1493385,0,0
1493616,0,0
1493886,0,0
1494318,0,0
1494594,0,0
1495083,0,0
1496258,1,0
1497346,0,0
1498090,0,0
1498276,0,0
1498401,0,0
1498536,0,0
1499374,0,0
1499463,0,0
1499617,0,0
1499650,0,0
1499827,0,0
1500253,0,0
1500841,0,0
1501429,0,0
1501500,0,0
1501812,0,0
1501865,0,0
1502670,0,0
1504842,0,0
1504945,0,0
1505518,0,0
1506233,0,0
1506392,0,0
1507267,1,1
1507305,0,0
1507391,0,0
1509171,0,0
1509730,1,1
1509878,1,1
1509969,0,0
1510003,0,0
1510093,0,0
1510530,0,0
1510688,0,0
1510864,0,0
1511431,0,0
1511869,1,0
1512704,0,0
1512959,0,0
1512980,0,0
1513234,0,0
1514307,1,1
1514521,0,0
1514721,0,0
1515292,1,1
1515370,0,0
1515946,0,0
1516497,0,0
1517459,0,0
1517632,1,0
1518472,0,0
1518647,0,0
1518848,0,0
1519482,0,0
1520702,0,0
1520808,0,0
1520940,0,0
1522222,0,0
1522550,0,0
1523321,0,0
1523383,0,0
1523568,0,0
1523850,1,0
1524822,0,0
1526927,1,0
1526966,0,0
1527310,0,0
1529502,0,0
1529609,0,0
1529764,0,0
1530008,0,0
1531247,0,0
1531494,0,0
1533725,0,0
1533741,0,0
1533821,0,0
1534124,1,0
1534416,0,0
1534499,1,0
1534605,0,0
1534821,0,0
1536522,1,1
1537020,0,0
1537175,1,0
1537269,0,0
1537551,0,0
1538422,1,1
1538550,1,0
1540380,0,0
1540585,0,0
1541020,1,0
1543045,0,0
1543382,1,1
1543939,1,0
1545308,0,0
1545418,0,0
1545461,0,0
1545716,1,1
1546381,0,0
1546530,0,0
1546755,0,0
1546845,0,0
1546916,1,1
1548889,1,1
1551152,0,0
1551577,0,0
1552427,0,0
1552440,0,0
1552523,0,0
1552618,0,0
1553273,1,1
1553369,0,0
1554389,0,0
1554417,1,1
1555485,1,1
1556053,1,0
1558301,0,0
1558413,1,1
1558567,1,0
1558943,0,0
1559005,1,1
1559378,0,0
1559499,0,0
1559964,1,1
1560117,1,0
1561444,0,0
1563076,0,0
1563135,1,0
1565459,0,0
1565779,0,0
1565966,0,0
1566629,0,0
1567625,0,0
1569078,1,0
1569154,0,0
1569390,1,0
1570706,0,0
1571454,0,0
1571496,1,1
1571756,1,1
1572048,1,1
1572181,1,1
1572326,0,0
1573557,0,0
1574028,1,0
1575009,1,1
1575861,0,0
1576035,0,0
1576075,0,0
1576396,0,0
1576714,0,0
1577254,1,1
1577415,1,0
1577495,1,1
1578009,0,0
1578454,0,0
1578648,0,0
1580327,0,0
1581990,1,0
1582417,0,0
1582676,0,0
1585403,1,0
1586201,0,0
1586400,1,1
1588307,1,0
1588352,0,0
1588742,1,1
1588998,0,0
1589473,1,0
1589982,0,0
1590231,0,0
1590984,0,0
1591431,0,0
1591508,0,0
1591919,0,0
1592200,1,1
1592265,0,0
1592267,0,0
1592389,0,0
1592579,1,0
1593061,1,1
1593082,0,0
1593534,0,0
1593695,1,0
1594378,0,0
1595860,1,1
1596977,0,0
1596995,0,0
1598208,0,0
1598602,0,0
1598930,0,0
1600332,0,0
1602053,0,0
1603592,0,0
1604205,0,0
1604514,1,0
1604543,0,0
1604604,1,0
1605259,0,0
1606618,0,0
1606739,1,1
1607721,0,0
1607748,0,0
1608025,1,1
1608187,0,0
1608367,0,0
1608454,1,1
1608762,0,0
1608899,0,0
1609593,1,0
1609763,0,0
1610196,0,0
1610508,1,0
1610932,0,0
1611051,0,0
1612021,1,0
1613014,0,0
1613188,0,0
1613511,1,0
1614540,0,0
1615624,0,0
1616309,0,0
1616408,0,0
1616494,1,0
1616720,0,0
1618282,0,0
1619808,1,1
1620005,0,0
1620576,0,0
1620590,0,0
1620967,0,0
1621282,1,1
1622551,0,0
1623616,0,0
1623942,1,1
1623954,1,0
1625835,1,1
1625934,0,0
1626327,1,1
1626510,0,0
1627645,1,1
1628916,0,0
1629168,0,0
1629673,0,0
1630175,1,1
1630236,1,0
1630258,0,0
1633287,0,0
1633541,1,1
1633930,0,0
1634309,0,0
1635636,0,0
1636997,1,0
1638127,1,1
1638208,0,0
1638411,0,0
1638686,0,0
1639007,0,0
1640227,0,0
1640546,0,0
1640770,0,0
1640801,0,0
1641418,0,0
1641879,0,0
1642609,1,1
1643580,1,0
1643696,1,1
1644835,0,0
1645046,0,0
1645895,0,0
1647061,0,0
1647965,1,0
1648959,0,0
1649066,0,0
1649967,0,0
1650602,1,0
1651202,0,0
1651343,1,1
1651367,0,0
1652907,0,0
1653166,1,0
1654468,0,0
1654586,0,0
1655627,1,0
1655691,0,0
1656834,1,1
1657173,0,0
1657837,0,0
1658866,0,0
1659100,1,0
1659461,1,0
1659586,0,0
1660256,1,1
1661306,1,1
1661808,0,0
1662159,0,0
1663148,1,0
1663316,1,1
1663334,0,0
1663584,1,1
1664869,1,1
1666027,0,0
1666319,0,0
1666417,1,1
1666762,0,0
1668267,1,0
1668316,1,0
1668941,1,1
1669962,0,0
1672239,0,0
1672733,0,0
1673422,0,0
1673480,0,0
1673754,0,0
1674316,0,0
1674708,1,1
1676056,1,1
1677460,0,0
1677655,0,0
1678010,0,0
1678963,1,0
1679268,0,0
1679473,0,0
1679686,0,0
1681624,0,0
1681769,0,0
1682115,0,0
1682844,1,1
1682928,0,0
1683066,0,0
1683107,1,0
1683737,0,0
1685429,0,0
1686547,0,0
1686564,0,0
1686795,0,0
1687011,1,1
1687756,0,0
1687952,1,1
1688000,0,0
1688458,1,1
1688486,0,0
1688719,1,0
1688874,0,0
1689059,0,0
1689186,1,0
1689260,0,0
1689292,0,0
1689860,0,0
1689907,1,1
1690293,0,0
1690419,0,0
1691357,0,0
1692038,0,0
1693662,0,0
1693708,0,0
1695601,0,0
1696320,0,0
1696350,0,0
1696779,1,0
1698643,0,0
1698965,0,0
1699538,1,1
1699727,1,0
1700032,0,0
1700604,0,0
1700786,1,1
1701153,0,0
1701583,0,0
1702197,0,0
1703198,0,0
1703601,1,0
1704967,0,0
1705134,0,0
1705900,0,0
1706499,1,1
1708723,0,0
1709042,0,0
1709129,0,0
1709287,1,1
1709784,1,1
1710471,0,0
1711635,0,0
1712601,0,0
1713224,0,0
1713237,1,0
1714548,0,0
1714809,0,0
1715073,1,1
1715724,1,1
1716640,0,0
1717043,0,0
1717464,1,1
1717685,0,0
1717862,1,1
1719946,1,0
1721178,1,1
1722604,1,0
1722962,0,0
1724075,0,0
1724751,0,0
1726269,1,1
1726574,0,0
1727822,0,0
1728832,1,0
1729191,0,0
1729556,1,1
1730401,0,0
1730414,0,0
1730888,0,0
1731179,0,0
1733513,0,0
1733546,0,0
1733631,0,0
1733670,0,0
1733802,1,1
1734866,0,0
1735220,0,0
1735289,0,0
1735669,0,0
1736132,0,0
1737733,0,0
1737778,0,0
1737941,0,0
1738125,0,0
1739803,1,1
1740794,0,0
1741040,0,0
1741396,0,0
1741530,0,0
1742770,0,0
1743474,1,0
1743663,1,0
1743691,0,0
1743864,1,1
1744387,1,0
1744497,1,1
1744985,0,0
1745284,1,0
1745979,1,0
1745989,0,0
1746534,1,1
1746793,1,1
1747410,1,1
1747632,0,0
1748059,0,0
1748697,0,0
1748771,0,0
1749451,1,0
1750204,0,0
1751084,0,0
1751366,0,0
1751978,1,0
1753216,0,0
1753921,0,0
1754355,0,0
1755612,0,0
1757436,0,0
1757852,0,0
1758026,1,0
1758622,1,1
1758985,0,0
1759061,0,0
1759149,0,0
1759283,0,0
1759375,0,0
1759501,0,0
1759637,0,0
1759829,0,0
1760122,1,1
1760697,0,0
1761624,0,0
1763020,0,0
1763393,1,0
1766057,0,0
1766105,0,0
1766210,0,0
1768342,0,0
1768591,1,1
1770154,0,0
1770866,0,0
1771497,0,0
1771620,0,0
1771714,0,0
1773213,0,0
1773628,0,0
1774453,0,0
1774888,1,0
1775113,0,0
1775228,0,0
1775323,0,0
1777396,0,0
1778279,1,1
1778368,1,0
1778699,0,0
1780063,0,0
1780128,0,0
1780461,1,0
1780743,0,0
1780875,1,1
1780988,0,0
1781028,0,0
1781136,0,0
1781183,0,0
1781819,1,1
1782338,0,0
1783191,0,0
1784257,0,0
1784897,1,1
1785320,1,0
1786195,1,1
1786448,0,0
1786801,0,0
1787286,1,0
1788144,0,0
1788380,0,0
1788882,0,0
1789240,1,1
1789466,1,1
1789874,0,0
1790234,0,0
1791365,0,0
1793975,0,0
1794347,0,0
1794482,0,0
1794485,0,0
1795569,1,1
1795820,0,0
1795874,0,0
1798055,1,1
1798119,1,0
1799004,0,0
1800180,0,0
1801911,0,0
1802026,0,0
1802253,1,0
1802326,1,0
1803460,0,0
1803735,0,0
1804362,0,0
1804686,0,0
1804875,0,0
1804902,0,0
1806151,0,0
1806269,0,0
1807104,0,0
1807291,0,0
1807535,0,0
1807888,0,0
1809091,0,0
1809605,0,0
1809874,0,0
1809989,0,0
1810509,1,0
1811018,1,0
1811281,1,1
1811752,1,0
1811793,0,0
1813104,0,0
1813321,0,0
1813326,0,0
1813347,0,0
1813633,0,0
1813641,0,0
1813841,0,0
1813908,0,0
1814173,0,0
1814890,1,1
1815698,1,0
1815808,0,0
1816290,0,0
1816967,0,0
1817372,0,0
1818516,0,0
1819599,0,0
1820098,0,0
1820610,0,0
1820934,0,0
1822076,0,0
1822108,0,0
1822132,0,0
1822885,0,0
1823366,0,0
1823623,0,0
1823820,0,0
1824311,0,0
1825485,0,0
1827067,0,0
1827074,0,0
1827352,0,0
1827671,1,1
1828425,0,0
1828606,0,0
1828915,0,0
1829084,1,1
1829225,0,0
1829495,0,0
1829572,0,0
1830405,0,0
1830602,1,0
1831832,1,1
1831972,0,0
1832308,0,0
1833122,0,0
1833265,0,0
1835179,0,0
1835202,0,0
1835443,0,0
1837332,0,0
1838139,1,0
1839193,0,0
1840389,0,0
1841495,0,0
1841833,0,0
1842230,0,0
1843856,1,1
1844271,1,0
1845173,0,0
1845445,1,0
1845551,0,0
1846074,1,1
1846587,0,0
1847005,0,0
1847125,0,0
1847761,1,1
1848995,1,1
1849174,0,0
1850285,0,0
1850503,0,0
1851871,1,1
1852173,1,0
1852716,0,0
1855335,0,0
1855455,1,1
1855853,1,0
1856771,0,0
1857766,0,0
1858386,0,0
1859579,0,0
1859838,0,0
1860846,1,1
1862144,0,0
1862745,1,1
1863149,0,0
1864551,1,0
1864754,1,1
1864897,0,0
1864986,0,0
1867834,1,1
1868260,0,0
1868545,0,0
1870485,0,0
1870962,0,0
1872038,1,0
1873405,1,1
1873472,0,0
1873585,1,0
1874003,0,0
1876071,1,0
1876497,1,1
1876537,0,0
1877697,1,1
1877996,1,1
1878727,1,0
1879549,1,1
1879817,0,0
1880184,0,0
1880375,0,0
1880659,0,0
1881285,1,0
1883103,0,0
1885407,0,0
1885459,0,0
1885473,0,0
1885586,1,0
1885752,0,0
1885848,1,1
1885916,0,0
1885996,0,0
1886356,0,0
1886685,0,0
1886722,1,0
1886734,1,1
1887425,1,1
1887451,0,0
1887551,0,0
1888183,0,0
1889110,0,0
1890341,0,0
1890570,0,0
1890966,0,0
1892494,0,0
1892832,0,0
1893014,0,0
1894230,1,0
1894821,1,1
1895280,0,0
1896599,1,0
1897678,0,0
1899622,0,0
1900620,0,0
1900659,0,0
1900934,1,0
1901190,0,0
1903450,0,0
1903508,1,1
1903705,1,0
1904502,0,0
1905456,1,1
1906123,0,0
1906296,1,0
1906621,0,0
1906791,0,0
1906804,0,0
1906921,0,0
1907221,0,0
1908200,1,1
1908925,0,0
1909157,1,0
1909424,0,0
1909448,0,0
1909633,0,0
1910126,0,0
1910161,1,1
1910835,0,0
1912225,1,1
1912521,0,0
1912544,1,1
1912860,1,0
1913506,0,0
1913613,0,0
1913973,0,0
1914074,0,0
1914266,1,1
1914356,0,0
1914781,1,1
1915120,0,0
1916396,1,1
1917665,0,0
1918817,0,0
1919211,1,1
1919503,0,0
1920381,1,1
1921351,1,0
1921685,0,0
1921822,0,0
1922882,0,0
1923144,0,0
1923350,0,0
1923354,0,0
1923419,0,0
1923846,0,0
1925343,0,0
1925764,0,0
1925871,0,0
1926131,1,1
1926535,1,0
1927953,0,0
1928293,1,1
1928831,1,1
1928873,1,0
1930378,0,0
1930663,0,0
1931013,1,0
1931802,0,0
1931983,0,0
1932697,0,0
1933318,0,0
1933498,0,0
1934054,0,0
1934788,0,0
1935870,1,0
1936518,0,0
1936660,0,0
1937341,0,0
1937675,0,0
1937975,0,0
1938927,0,0
1939221,0,0
1939336,1,0
1939785,0,0
1939843,1,0
1940609,0,0
1941981,0,0
1942209,0,0
1942661,0,0
1943094,0,0
1943098,0,0
1943642,0,0
1944527,0,0
1944839,0,0
1945205,0,0
1945461,0,0
1946007,0,0
1946053,0,0
1946075,1,0
1946311,1,1
1948182,1,1
1948506,1,0
1949030,0,0
1949245,0,0
1950770,1,0
1951809,1,1
1952581,1,1
1952592,1,1
1952944,1,1
1954076,0,0
1955403,0,0
1958124,0,0
1958352,0,0
1958661,1,0
1959684,0,0
1959824,0,0
1960615,0,0
1961036,0,0
1961242,0,0
1961261,1,0
1961410,1,1
1963108,0,0
1963302,0,0
1964152,0,0
1964193,0,0
1964827,0,0
1966357,1,0
1966413,1,1
1966571,0,0
1966615,0,0
1967781,1,0
1967790,0,0
1967897,0,0
1968191,0,0
1968280,0,0
1968553,0,0
1969620,0,0
1969870,1,0
1970627,1,0
1970649,0,0
1970956,0,0
1971086,1,0
1971949,1,1
1972191,0,0
1972692,0,0
1974241,1,0
1974498,1,0
1974695,0,0
1975237,0,0
1975714,1,0
1975989,1,0
1977509,0,0
1977773,0,0
1978164,0,0
1978320,1,1
1978351,0,0
1979789,0,0
1980838,0,0
1981149,1,0
1981363,1,1
1981556,0,0
1981670,0,0
1982449,0,0
1982641,0,0
1982959,0,0
1983379,0,0
1984436,0,0
1984711,1,0
1984748,0,0
1985339,1,0
1985692,0,0
1985995,1,0
1986255,0,0
1986538,1,1
1986737,0,0
1987031,0,0
1987281,0,0
1987333,0,0
1987927,1,1
1988155,0,0
1988719,0,0
1989092,1,0
1989485,0,0
1989707,0,0
1990373,0,0
1991854,0,0
1991874,1,1
1992417,1,0
1993813,0,0
1993843,1,1
1994862,0,0
1994965,1,1
1995054,0,0
1995151,0,0
1995567,0,0
1996327,0,0
1997050,1,1
1997277,1,1
1997419,0,0
1997653,1,1
1997977,1,0
2000424,1,1
2000672,1,0
2008513,1,0
2012896,1,1
2013050,1,0
2013496,1,1
2014762,1,1
2015031,1,0
2015413,1,1
2015680,1,1
2018642,1,0
2022603,1,0
2022958,1,1
2024017,1,0
2024944,1,0
2025363,1,0
2027637,1,1
2030478,1,0
2033008,1,0
2034252,1,1
2034437,1,0
2035365,1,1
2037712,1,0
2039692,1,1
2042182,1,1
2042422,1,1
2043178,1,0
2043773,1,0
2045754,1,1
2046496,1,1
2048443,1,0
2049270,1,1
2050032,1,0
2050233,1,0
2051340,1,1
2055709,1,1
2057099,1,0
2058836,1,1
2059116,1,1
2059700,1,1
2059940,1,0
2061456,1,1
2067083,1,0
2067895,1,0
2074605,1,0
2075137,1,1
2079476,1,1
2083489,1,0
2083889,1,0
2084949,1,1
2085726,1,0
2086040,1,1
2090221,1,0
2091881,1,1
2092613,1,0
2098460,1,0
2101892,1,1
2102937,1,1
2108021,1,1
2108853,1,0
2110249,1,0
2110514,1,0
2112550,1,1
2113063,1,0
2113387,1,0
2114250,1,0
2114932,1,1
2121811,1,1
2123610,1,0
2126608,1,1
2129008,1,1
2130634,1,1
2142546,1,1
2146928,1,1
2148427,1,1
2151909,1,0
2152007,1,1
2154380,1,1
2154746,1,1
2155178,1,0
2155875,1,1
2158012,1,1
2158026,1,1
2158243,1,1
2164447,1,1
2165067,1,1
2166653,1,1
2166875,1,1
2167142,1,0
2170062,1,1
2173463,1,1
2174196,1,0
2174744,1,0
2176440,1,1
2195624,1,1
2201039,1,1
2201313,1,1
2205375,1,1
2206958,1,1
2208608,1,1
2213594,1,0
2216878,1,0
2229051,1,1
2230102,1,0
2233204,1,1
2234687,1,1
2240570,1,1
2244651,1,1
2245875,1,1
2245915,1,1
2246175,1,1
2247342,1,1
2248066,1,1
2264249,1,1
2265014,1,1
2265661,1,1
2268759,1,1
2269455,1,1
2279294,1,1
2282255,1,1
2284641,1,0
2289722,1,1
2292825,1,1
2294848,1,1
2305510,1,1
2305865,1,1
2308397,1,1
2309175,1,1
2313913,1,1
2321691,1,1
2323658,1,1
2325972,1,1
2327592,1,1
2328972,1,0
2331132,1,1
2333319,1,1
2334448,1,0
2335912,1,1
2336665,1,1
2342279,1,1
2346379,1,0
2348721,1,1
2350296,1,0
2351605,1,1
2355290,1,1
2357444,1,1
2358767,1,1
2362586,1,1
2364000,1,1
2364009,1,1
