Id,GT,fed,unfed,time,status_fed,status_unfed
205608,0,0,0,0.67,0,0
360848,1,0,0,0.68,-1,-1
908427,0,0,0,0.76,0,0
998209,0,0,0,1.05,0,0
980680,0,0,0,1.05,0,0
1935870,1,0,0,1.07,-1,-1
1109599,1,0,0,1.09,-1,-1
1885752,0,0,0,1.12,0,0
1977509,0,0,0,1.14,0,0
110377,0,0,0,1.14,0,0
1864551,1,0,0,1.17,-1,-1
1810509,1,0,0,1.26,-1,-1
1479987,0,0,0,1.38,0,0
2008513,1,0,0,1.39,-1,-1
415795,0,0,0,1.43,0,0
399863,0,0,0,1.56,0,0
2265661,1,1,1,2.09,0,0
2308397,1,1,1,2.14,0,0
1534124,1,0,0,3.3,-1,-1
2205375,1,1,1,4.4,0,0
1721178,1,1,1,5.22,0,0
1251037,1,1,1,6.71,0,0
171280,1,1,1,13.95,0,0
1746793,1,1,1,18.56,0,0
677202,1,1,1,18.69,0,0
2014762,1,1,1,21.14,0,0
95961,1,1,1,21.55,0,0
1804902,0,0,0,30.51,0,0
215009,0,0,0,30.73,0,0
278675,0,0,0,30.76,0,0
197397,0,0,0,30.77,0,0
671853,0,0,0,30.99,0,0
1244530,0,0,0,31.0,0,0
348757,1,1,1,35.09,0,0
1588998,0,0,0,35.36,0,0
1914074,0,0,0,35.5,0,0
536117,0,0,0,37.15,0,0
501608,0,0,0,37.17,0,0
977200,0,0,0,37.27,0,0
945004,0,0,0,37.35,0,0
1546755,0,0,0,37.54,0,0
247406,0,0,0,37.71,0,0
675968,0,0,0,37.77,0,0
245763,0,0,0,37.79,0,0
1596977,0,0,0,38.06,0,0
1293796,0,0,0,38.16,0,0
1069033,0,0,0,38.17,0,0
1660256,1,1,1,39.9,0,0
1985339,1,0,0,40.49,-1,-1
1912860,1,0,0,40.49,-1,-1
558078,0,0,0,44.77,0,0
755097,0,0,0,44.84,0,0
1730401,0,0,0,45.06,0,0
1703198,0,0,0,45.13,0,0
12789,0,0,0,45.29,0,0
290442,0,0,0,45.29,0,0
369327,0,0,0,45.71,0,0
553850,0,0,0,45.78,0,0
949399,0,0,0,50.11,0,0
625860,0,0,0,50.16,0,0
48440,1,0,0,50.21,-1,-1
568541,0,0,0,50.56,0,0
1593534,0,0,0,51.72,0,0
1488734,0,0,0,51.78,0,0
437589,0,0,0,51.94,0,0
253178,0,0,0,51.95,0,0
922686,0,0,0,53.99,0,0
685162,0,0,0,54.03,0,0
717327,0,0,0,54.07,0,0
1887551,0,0,0,54.15,0,0
1360605,0,0,0,54.21,0,0
1668316,1,0,0,54.36,-1,-1
1686547,0,0,0,54.44,0,0
1031017,0,0,0,54.85,0,0
530795,0,0,0,55.04,0,0
643064,1,0,0,55.89,-1,-1
1644835,0,0,0,56.56,0,0
1299970,0,0,0,56.67,0,0
1256827,1,0,0,56.68,-1,-1
269328,0,0,0,56.81,0,0
310372,0,0,0,56.96,0,0
1997653,1,1,1,57.24,0,0
1743864,1,1,1,61.42,0,0
803274,1,1,1,62.99,0,0
849654,1,1,1,63.01,0,0
293673,1,1,1,63.06,0,0
489672,1,1,1,66.67,0,0
655032,1,0,1,68.45,-1,0
266100,0,0,0,68.6,0,0
360230,0,0,0,68.67,0,0
1335069,0,0,0,68.68,0,0
1576075,0,0,0,69.12,0,0
296697,0,0,0,69.46,0,0
1463685,0,0,0,70.33,0,0
1613014,0,0,0,70.35,0,0
789666,0,0,0,70.36,0,0
876829,0,0,0,70.44,0,0
1484958,0,0,1,70.74,0,1
1007679,0,0,0,70.79,0,0
958394,0,0,0,70.82,0,0
1213010,0,0,0,70.86,0,0
162601,0,0,0,71.12,0,0
71148,0,0,0,71.19,0,0
304965,0,0,0,71.28,0,0
84243,1,0,1,71.39,-1,0
1435680,1,0,0,71.44,-1,-1
1194883,0,0,0,71.48,0,0
1748771,0,0,0,71.55,0,0
1505518,0,0,0,71.61,0,0
1164308,0,0,0,72.16,0,0
1615624,0,0,0,72.17,0,0
1506233,0,0,0,73.59,0,0
677937,0,0,0,73.6,0,0
1682115,0,0,0,73.64,0,0
1315112,0,0,0,73.67,0,0
1565779,0,0,0,78.74,0,0
1690293,0,0,0,78.81,0,0
1696779,1,0,0,78.9,-1,-1
683943,0,0,0,80.49,0,0
67826,0,0,0,80.58,0,0
959622,0,0,0,82.13,0,0
1537020,0,0,0,82.38,0,0
768815,1,1,1,82.55,0,0
28006,0,0,0,82.74,0,0
1424797,1,1,1,82.91,0,0
1306491,1,1,1,86.93,0,0
1229978,0,0,0,87.1,0,0
1230228,0,0,0,87.15,0,0
1748059,0,0,0,89.55,0,0
250951,0,0,0,89.87,0,0
1299597,0,0,0,89.94,0,0
1103907,0,0,0,90.18,0,0
887699,1,0,0,90.21,-1,-1
1827074,0,0,0,90.34,0,0
1126848,1,1,1,99.45,0,0
1218465,1,1,1,99.83,0,0
96388,0,0,0,101.95,0,0
562215,0,0,0,102.23,0,0
1858386,0,0,0,102.31,0,0
1578009,0,0,0,102.47,0,0
731064,0,0,0,104.31,0,0
900277,0,0,0,104.41,0,0
1471136,0,0,0,106.21,0,0
1652907,0,0,0,107.37,0,0
544379,0,0,0,107.52,0,0
1405091,0,0,0,107.52,0,0
907337,0,0,0,111.91,0,0
1055283,0,0,0,112.07,0,0
1163396,0,0,0,112.1,0,0
1925871,0,0,0,112.13,0,0
1434377,0,0,0,112.22,0,0
1283127,0,0,0,113.73,0,0
1645046,0,0,0,113.74,0,0
371573,0,0,0,113.87,0,0
414474,1,1,1,115.91,0,0
431505,0,0,0,120.5,0,0
1033760,0,0,0,120.83,0,0
1364477,0,0,0,120.84,0,0
1090596,0,0,0,120.95,0,0
748717,0,0,0,120.96,0,0
1777396,0,0,0,121.23,0,0
530036,0,0,0,121.28,0,0
655382,0,0,0,121.34,0,0
660319,0,0,0,121.34,0,0
1611051,0,0,0,123.38,0,0
1879817,0,0,0,123.46,0,0
1847125,0,0,0,123.48,0,0
590917,0,0,0,123.56,0,0
1115348,0,0,0,123.57,0,0
911811,0,0,0,123.6,0,0
238286,0,0,0,124.05,0,0
1522222,0,0,0,130.53,0,0
1398073,0,0,0,130.86,0,0
1236406,0,0,0,130.96,0,0
1679686,0,0,0,130.97,0,0
645831,0,0,0,130.99,0,0
1160782,0,0,0,131.06,0,0
629578,0,0,0,133.09,0,0
18812,0,0,0,133.22,0,0
356064,0,0,0,133.27,0,0
1166083,0,0,0,133.29,0,0
2075137,1,1,1,134.36,0,0
901905,0,0,0,135.55,0,0
1989707,0,0,0,136.85,0,0
1027614,0,0,0,137.62,0,0
1625934,0,0,0,138.21,0,0
232376,1,0,0,138.22,-1,-1
49282,0,0,0,138.33,0,0
50566,0,0,0,138.44,0,0
259846,1,0,0,138.63,-1,-1
1066616,1,1,1,140.62,0,0
137665,1,1,1,145.93,0,0
288982,1,1,1,145.95,0,0
987902,1,0,0,150.55,-1,-1
1077112,0,0,0,150.73,0,0
1663334,0,0,0,150.79,0,0
762889,0,0,0,152.08,0,0
1252180,1,0,0,152.11,-1,-1
705244,0,0,0,152.16,0,0
791124,0,0,0,152.17,0,0
715738,0,0,0,152.29,0,0
382838,0,0,0,152.74,0,0
865822,0,0,0,152.84,0,0
520169,0,0,0,153.0,0,0
1179871,0,0,0,154.3,0,0
1292388,0,0,0,154.33,0,0
1024494,0,0,0,154.36,0,0
1759283,0,0,0,154.61,0,0
1818516,0,0,0,154.66,0,0
573269,0,0,0,154.82,0,0
500465,1,0,0,154.83,-1,-1
583323,0,0,0,154.83,0,0
461439,0,0,0,154.97,0,0
907576,0,0,0,154.98,0,0
702774,0,0,0,154.98,0,0
399400,0,0,0,155.03,0,0
669315,0,0,0,155.08,0,0
1885996,0,0,0,155.19,0,0
368944,0,0,0,155.2,0,0
1841495,0,0,0,155.22,0,0
1353175,0,0,0,155.31,0,0
1731179,0,0,0,155.45,0,0
1261912,0,0,0,155.59,0,0
1737778,0,0,0,155.84,0,0
4514,0,0,0,157.28,0,0
723817,1,0,0,157.57,-1,-1
265944,0,0,0,157.65,0,0
195175,0,0,0,157.7,0,0
240036,0,0,0,157.71,0,0
316171,0,0,0,157.71,0,0
455537,0,0,0,157.92,0,0
483670,0,0,0,157.93,0,0
300879,1,0,1,158.02,-1,0
140118,0,0,0,158.05,0,0
1605259,0,0,0,162.66,0,0
1802026,0,0,0,162.74,0,0
1806269,0,0,0,163.05,0,0
86690,1,0,0,165.21,-1,-1
341893,0,0,0,165.24,0,0
227147,0,0,0,165.39,0,0
1592265,0,0,0,165.49,0,0
774552,0,0,0,165.61,0,0
722472,0,0,0,165.63,0,0
1925343,0,0,0,165.83,0,0
1264671,0,0,0,165.98,0,0
958781,0,0,0,166.13,0,0
554384,0,0,0,166.18,0,0
519724,0,0,0,166.21,0,0
756818,0,0,0,166.25,0,0
2012896,1,1,1,166.4,0,0
1877697,1,1,1,166.42,0,0
1238930,1,1,1,167.62,0,0
376609,1,1,1,169.01,0,0
784884,1,1,1,172.46,0,0
1814890,1,1,1,172.69,0,0
1781136,0,0,0,174.89,0,0
678886,0,0,0,175.19,0,0
1592389,0,0,0,180.2,0,0
1775113,0,0,0,180.55,0,0
1541020,1,0,0,180.6,-1,-1
1794485,0,0,0,180.7,0,0
1946075,1,0,0,180.73,-1,-1
1663148,1,0,0,180.74,-1,-1
1209612,1,0,0,180.82,-1,-1
1165354,0,0,0,180.85,0,0
1448611,0,0,0,180.96,0,0
121883,0,0,0,181.29,0,0
109050,1,0,0,181.35,-1,-1
1178940,0,0,0,181.47,0,0
1052960,0,0,0,181.49,0,0
1493616,0,0,0,181.52,0,0
1885916,0,0,0,181.64,0,0
17526,0,0,0,181.73,0,0
266478,0,0,0,181.97,0,0
64046,0,0,0,181.98,0,0
802177,1,0,1,183.99,-1,0
144689,0,0,0,184.27,0,0
1227245,0,0,0,184.41,0,0
443706,0,0,0,184.78,0,0
879185,0,0,0,185.0,0,0
709211,1,0,1,185.01,-1,0
1591508,0,0,0,185.13,0,0
1689292,0,0,0,185.29,0,0
169341,1,0,0,185.31,-1,-1
1759637,0,0,0,185.46,0,0
1265112,1,0,0,185.52,-1,-1
389105,0,0,0,185.55,0,0
17296,0,0,0,185.69,0,0
1417401,1,1,1,186.03,0,0
617572,1,1,1,186.23,0,0
776836,1,1,1,187.76,0,0
1175600,0,0,0,187.84,0,0
1112404,0,0,0,187.84,0,0
1876497,1,1,1,188.03,0,0
1855455,1,1,1,188.13,0,0
2043773,1,0,0,188.13,-1,-1
974930,1,1,1,188.3,0,0
394820,1,1,1,188.4,0,0
941175,1,1,1,188.42,0,0
1864986,0,0,0,188.63,0,0
1789240,1,1,1,188.77,0,0
209343,1,0,0,188.89,-1,-1
709692,0,0,0,189.01,0,0
645470,0,0,0,189.01,0,0
660972,0,0,0,189.84,0,0
1625835,1,1,1,190.22,0,0
1509878,1,1,1,190.4,0,0
1545716,1,1,1,190.88,0,0
1000006,1,1,1,190.95,0,0
9391,1,1,1,191.24,0,0
2342279,1,1,1,191.3,0,0
1313007,1,1,1,197.75,0,0
2034437,1,0,1,198.11,-1,0
2091881,1,1,1,198.19,0,0
1981149,1,0,0,198.23,-1,-1
1761624,0,0,0,198.64,0,0
1868260,0,0,0,198.66,0,0
1813321,0,0,0,198.69,0,0
1399083,1,0,1,198.85,-1,0
1900620,0,0,0,200.12,0,0
85635,1,0,0,200.22,-1,-1
525876,0,0,0,200.26,0,0
1337947,1,0,0,200.34,-1,-1
94525,0,0,0,200.55,0,0
2030478,1,0,0,200.71,-1,-1
1728832,1,0,0,200.88,-1,-1
591415,0,0,0,200.93,0,0
118264,0,0,0,201.06,0,0
422418,1,0,0,201.08,-1,-1
865152,0,0,0,201.18,0,0
313545,0,0,0,201.22,0,0
378189,0,0,0,201.26,0,0
776529,0,0,0,201.31,0,0
1603592,0,0,0,201.4,0,0
1931983,0,0,0,201.46,0,0
1498401,0,0,0,201.52,0,0
1314965,0,0,0,201.58,0,0
1610196,0,0,0,201.59,0,0
1641418,0,0,0,201.62,0,0
1181658,1,0,0,201.66,-1,-1
52103,1,0,0,201.81,-1,-1
874355,1,0,0,202.23,-1,-1
985848,0,0,0,202.26,0,0
999413,0,0,0,202.29,0,0
1873585,1,0,0,202.34,-1,-1
1840389,0,0,0,202.39,0,0
1868545,0,0,0,202.48,0,0
2108021,1,1,1,202.51,0,0
1487657,0,0,0,202.61,0,0
713554,1,1,1,202.74,0,0
775156,0,0,0,202.81,0,0
1985692,0,0,0,203.07,0,0
1349241,0,0,0,203.41,0,0
1429047,0,0,0,203.41,0,0
1555485,1,1,1,203.49,0,0
1816967,0,0,0,203.53,0,0
1170985,1,1,1,203.75,0,0
998229,1,1,1,204.39,0,0
1643696,1,1,1,205.21,0,0
578161,1,1,1,205.5,0,0
589498,1,1,1,205.72,0,0
336538,1,1,1,205.91,0,0
491853,1,1,1,205.92,0,0
873031,1,1,1,216.46,0,0
1067759,1,1,1,216.49,0,0
29501,1,1,1,218.5,0,0
2355290,1,1,1,218.58,0,0
773182,1,1,1,218.87,0,0
856671,1,1,1,219.65,0,0
1220469,1,1,1,220.89,0,0
265336,0,0,0,221.29,0,0
1043107,0,0,0,221.3,0,0
940205,0,0,0,221.35,0,0
865305,0,0,0,221.35,0,0
1369649,0,0,0,221.35,0,0
846801,1,0,0,221.45,-1,-1
1381904,0,0,0,221.46,0,0
1182142,0,0,0,221.49,0,0
858458,0,0,0,221.52,0,0
1145201,0,0,0,221.52,0,0
1277620,0,0,0,221.58,0,0
862249,0,0,0,221.59,0,0
1939221,0,0,0,221.78,0,0
635206,0,0,0,221.87,0,0
583523,1,0,0,221.9,-1,-1
1175022,0,0,0,221.91,0,0
1172535,0,0,0,221.91,0,0
956480,0,0,0,221.99,0,0
571811,0,0,0,221.99,0,0
209185,0,0,0,222.05,0,0
358423,0,0,0,222.18,0,0
1389716,1,0,0,222.21,-1,-1
1574028,1,0,0,222.25,-1,-1
1813841,0,0,0,222.28,0,0
1512959,0,0,0,222.29,0,0
1161204,1,0,0,223.08,-1,-1
1485841,0,0,0,223.43,0,0
1299485,0,0,0,223.49,0,0
1175750,0,0,0,223.72,0,0
1856771,0,0,0,223.97,0,0
341045,1,1,1,224.17,0,0
571933,1,1,1,224.22,0,0
344245,1,1,1,224.72,0,0
772459,1,1,1,231.05,0,0
1056948,1,1,1,231.73,0,0
2142546,1,1,1,231.91,0,0
29503,1,1,1,232.81,0,0
1688458,1,1,1,233.48,0,0
972451,1,1,1,233.49,0,0
1873405,1,1,1,233.57,0,0
299344,1,1,1,233.61,0,0
2130634,1,1,1,233.69,0,0
1784897,1,1,1,234.01,0,0
1802326,1,0,1,234.87,-1,0
1044414,0,0,0,234.88,0,0
1677460,0,0,0,234.91,0,0
1258850,0,0,0,235.01,0,0
849631,1,0,0,235.06,-1,-1
29633,0,0,0,235.13,0,0
921877,0,0,0,235.49,0,0
1227009,0,0,0,235.51,0,0
753551,0,0,0,235.7,0,0
900726,1,0,0,235.7,-1,-1
1546916,1,1,1,235.99,0,0
564022,1,1,1,236.13,0,0
1682844,1,1,1,238.04,0,0
486489,1,1,1,238.36,0,0
1343695,0,0,0,238.85,0,0
173917,1,0,0,239.03,-1,-1
325860,0,0,0,239.05,0,0
657347,0,0,0,239.83,0,0
1249124,0,0,0,239.83,0,0
1264874,0,0,0,239.87,0,0
1500253,0,0,0,240.11,0,0
1511431,0,0,0,240.11,0,0
480838,0,0,0,240.78,0,0
1945205,0,0,0,240.81,0,0
291418,0,0,0,240.87,0,0
302554,0,0,0,240.9,0,0
72635,1,0,0,241.05,-1,-1
1489837,0,0,0,241.05,0,0
695108,0,0,0,241.11,0,0
1880375,0,0,0,241.21,0,0
1638686,0,0,0,241.26,0,0
1181984,0,0,0,241.9,0,0
1115048,0,0,0,241.93,0,0
1124306,0,0,0,241.94,0,0
758377,1,0,0,241.99,-1,-1
1963302,0,0,0,242.2,0,0
1519482,0,0,0,246.86,0,0
1623616,0,0,0,247.08,0,0
1384489,0,0,0,247.12,0,0
705652,0,0,0,247.2,0,0
439862,1,1,1,247.31,0,0
798157,1,1,1,247.91,0,0
1674708,1,1,1,251.01,0,0
1552523,0,0,0,251.76,0,0
1647061,0,0,0,251.78,0,0
318799,0,0,0,251.92,0,0
125458,0,0,0,251.99,0,0
80881,0,0,0,252.03,0,0
1855853,1,0,0,252.19,-1,-1
778954,0,0,0,252.58,0,0
1733513,0,0,0,252.69,0,0
1582676,0,0,0,252.77,0,0
1788144,0,0,0,252.77,0,0
1930378,0,0,0,252.85,0,0
832107,1,0,0,252.95,-1,-1
470018,0,0,0,252.97,0,0
153303,0,0,0,253.1,0,0
557011,0,0,0,253.24,0,0
1559499,0,0,0,253.36,0,0
1798055,1,1,1,254.39,0,0
939628,1,1,1,254.74,0,0
1926131,1,1,1,255.87,0,0
404161,1,1,1,256.24,0,0
2364009,1,1,1,256.28,0,0
2022958,1,1,1,256.44,0,0
129037,1,1,1,257.66,0,0
615490,1,1,1,257.7,0,0
2152007,1,1,1,258.18,0,0
569581,1,1,1,258.39,0,0
745943,1,1,1,258.5,0,0
1289001,1,1,1,258.91,0,0
2176440,1,1,1,259.34,0,0
1236940,1,1,1,259.48,0,0
1404329,1,1,1,263.23,0,0
710137,1,1,1,263.39,0,0
1126337,1,1,1,264.42,0,0
1017780,0,0,0,265.06,0,0
1175869,0,0,0,265.07,0,0
629321,1,1,1,265.31,0,0
1879549,1,1,1,265.33,0,0
1885848,1,1,1,266.51,0,0
501565,0,0,0,267.99,0,0
115204,0,0,0,268.03,0,0
2325972,1,1,1,268.1,0,0
129325,0,0,0,268.15,0,0
2201039,1,1,1,269.61,0,0
2015680,1,1,1,269.62,0,0
1342986,1,1,1,269.88,0,0
327397,1,1,1,270.82,0,0
63574,1,1,1,271.35,0,0
209860,1,1,1,271.47,0,0
942160,1,1,1,271.9,0,0
1496258,1,0,0,272.58,-1,-1
333446,0,0,0,272.69,0,0
328276,1,1,1,272.86,0,0
1961036,0,0,0,273.12,0,0
1687011,1,1,1,273.37,0,0
2079476,1,1,1,273.8,0,0
1867834,1,1,1,274.42,0,0
1303045,1,1,1,280.17,0,0
1045206,1,1,1,280.17,0,0
1474993,0,0,0,283.61,0,0
1409155,1,0,1,283.97,-1,0
1940609,0,0,0,284.07,0,0
2110514,1,0,0,284.21,-1,-1
767549,0,0,0,284.35,0,0
849552,0,0,0,284.46,0,0
1592579,1,0,0,284.48,-1,-1
1695601,0,0,0,284.64,0,0
1828425,0,0,0,284.71,0,0
1946053,0,0,0,284.74,0,0
355118,0,0,0,288.21,0,0
152329,0,0,0,288.3,0,0
609749,0,0,0,288.71,0,0
856921,0,0,0,288.71,0,0
1536522,1,1,1,289.16,0,0
382646,1,1,1,291.17,0,0
1952592,1,1,1,291.58,0,0
1726269,1,1,1,291.71,0,0
429895,1,1,1,292.64,0,0
471659,1,1,1,292.69,0,0
1109797,1,1,1,293.02,0,0
854583,0,0,0,296.64,0,0
854403,1,1,1,297.49,0,0
955453,0,0,0,298.01,0,0
1075002,0,0,0,298.15,0,0
1608187,0,0,0,298.95,0,0
965372,1,0,0,299.05,-1,-1
954101,0,0,1,299.1,0,1
167301,0,0,0,300.53,0,0
112031,0,0,0,300.58,0,0
1387315,0,0,0,300.66,0,0
616977,0,0,0,300.76,0,0
887446,0,0,0,300.82,0,0
1713237,1,0,0,301.1,-1,-1
908562,0,0,0,301.18,0,0
362723,0,0,0,301.22,0,0
95948,0,0,0,301.31,0,0
14040,0,0,0,301.39,0,0
416729,0,0,0,301.45,0,0
624577,0,0,0,301.45,0,0
755908,0,0,0,302.88,0,0
848248,1,1,1,303.69,0,0
538139,1,1,1,314.19,0,0
580127,0,0,1,315.02,0,1
560946,0,0,0,315.08,0,0
1476122,1,1,1,315.43,0,0
1362856,1,1,1,315.47,0,0
1303764,0,0,0,315.49,0,0
1230644,0,0,0,315.5,0,0
1028580,1,0,0,315.51,-1,-1
1285018,1,0,0,315.55,-1,-1
976053,1,1,1,315.61,0,0
2059700,1,1,1,315.8,0,0
2195624,1,1,1,315.81,0,0
216391,1,0,0,316.23,-1,-1
1064057,1,0,0,316.76,-1,-1
1051689,0,0,0,316.76,0,0
1188073,1,0,0,316.87,-1,-1
1104936,0,0,0,317.38,0,0
1238275,0,0,1,317.4,0,1
1961261,1,0,0,317.42,-1,-1
1886722,1,0,0,317.43,-1,-1
929946,1,1,1,318.23,0,0
856932,1,1,1,318.42,0,0
1478745,1,1,1,318.65,0,0
1069977,1,1,1,318.66,0,0
556325,1,0,0,319.07,-1,-1
612974,0,0,0,319.08,0,0
936630,1,0,0,319.18,-1,-1
446031,0,0,0,319.2,0,0
706740,0,0,0,319.26,0,0
1967897,0,0,0,319.79,0,0
1813347,0,0,0,319.94,0,0
717851,0,0,0,320.1,0,0
1681624,0,0,0,321.31,0,0
1094091,0,0,0,321.45,0,0
675303,0,0,0,321.48,0,0
1336150,1,1,1,321.9,0,0
637256,1,1,1,322.05,0,0
2279294,1,1,1,322.27,0,0
1559964,1,1,1,324.51,0,0
1238048,1,1,1,324.72,0,0
783659,1,1,1,326.08,0,0
311625,1,1,1,333.49,0,0
520195,1,1,1,334.01,0,0
338763,1,1,1,334.46,0,0
1207287,1,1,1,335.84,0,0
2086040,1,1,1,336.13,0,0
1760122,1,1,1,337.13,0,0
886598,1,1,1,339.49,0,0
412064,1,1,1,339.61,0,0
1886734,1,1,1,339.65,0,0
1558413,1,1,1,339.71,0,0
1389245,1,1,1,340.81,0,0
979906,1,1,1,341.51,0,0
1699538,1,1,1,341.71,0,0
1608025,1,1,1,341.84,0,0
2229051,1,1,1,342.24,0,0
1228084,1,1,1,342.34,0,0
971466,1,1,1,342.51,0,0
1049916,1,0,0,343.43,-1,-1
962186,1,0,0,346.97,-1,-1
680581,0,0,0,347.08,0,0
166013,0,0,0,347.17,0,0
120225,0,0,0,347.18,0,0
1859579,0,0,0,347.4,0,0
1774888,1,0,0,347.41,-1,-1
872713,1,0,0,347.48,-1,-1
777830,0,0,0,347.62,0,0
936538,0,0,0,347.66,0,0
432855,1,0,0,347.79,-1,-1
1802253,1,0,0,347.99,-1,-1
1977773,0,0,0,348.01,0,0
1975714,1,0,1,348.49,-1,0
1233928,0,0,0,348.49,0,0
1451227,0,0,0,348.49,0,0
686095,1,1,1,348.64,0,0
841829,1,1,1,348.64,0,0
657617,0,0,0,349.58,0,0
1593695,1,0,0,349.75,-1,-1
1783191,0,0,0,349.77,0,0
1608367,0,0,0,349.83,0,0
1737733,0,0,0,349.9,0,0
1316369,0,0,0,349.98,0,0
598166,0,0,0,350.0,0,0
225013,0,0,0,350.08,0,0
784328,0,0,0,351.14,0,0
834982,1,0,0,351.2,-1,-1
461934,1,0,0,351.24,-1,-1
853419,0,0,0,351.28,0,0
396293,1,0,0,351.34,-1,-1
1885459,0,0,0,351.41,0,0
1974498,1,0,0,351.51,-1,-1
1815808,0,0,0,351.57,0,0
1719946,1,0,0,351.61,-1,-1
1501865,0,0,0,351.62,0,0
370023,0,0,0,351.75,0,0
1373622,1,1,1,351.97,0,0
609477,1,1,1,352.18,0,0
113530,1,1,1,352.19,0,0
2158012,1,1,1,352.64,0,0
336633,1,1,1,352.67,0,0
1946311,1,1,1,353.35,0,0
2049270,1,1,1,353.41,0,0
1744497,1,1,1,354.07,0,0
2148427,1,1,1,354.24,0,0
1952944,1,1,1,354.88,0,0
1715073,1,1,1,364.62,0,0
1987927,1,1,1,365.25,0,0
1928831,1,1,1,365.39,0,0
922429,1,1,1,365.55,0,0
224303,1,1,1,366.36,0,0
1133235,1,1,1,366.59,0,0
164595,1,1,1,367.15,0,0
2058836,1,1,1,368.35,0,0
1627645,1,1,1,368.36,0,0
1553273,1,1,1,368.42,0,0
2114932,1,1,1,368.43,0,0
643589,1,1,1,368.61,0,0
969807,1,1,1,368.97,0,0
1090088,1,1,1,370.64,0,0
1021154,1,1,1,370.67,0,0
1789466,1,1,1,371.02,0,0
552580,1,1,1,371.59,0,0
163736,1,1,1,373.73,0,0
2101892,1,1,1,373.9,0,0
362963,1,1,1,373.99,0,0
701130,1,1,1,374.02,0,0
780667,1,1,1,374.02,0,0
351332,1,1,1,374.03,0,0
148202,1,1,1,374.06,0,0
110747,1,1,1,374.08,0,0
282101,1,1,1,374.11,0,0
136994,1,1,1,374.11,0,0
658140,1,1,1,374.12,0,0
275901,1,1,1,374.19,0,0
662546,1,1,1,374.21,0,0
837676,1,1,1,381.35,0,0
1401732,1,1,1,382.69,0,0
406388,1,1,1,387.79,0,0
510134,1,1,1,387.83,0,0
770156,0,0,0,387.87,0,0
1638127,1,1,1,387.96,0,0
1780875,1,1,1,389.34,0,0
7091,0,0,0,389.9,0,0
158085,0,0,0,389.9,0,0
1510530,0,0,0,389.92,0,0
1320073,1,1,1,389.94,0,0
1142138,0,0,0,390.01,0,0
1546530,0,0,0,390.22,0,0
1910835,0,0,0,391.72,0,0
1294387,1,0,0,391.9,-1,-1
950309,0,0,0,391.91,0,0
674706,0,0,0,391.92,0,0
1512704,0,0,0,392.25,0,0
1823366,0,0,0,392.27,0,0
1931802,0,0,0,392.38,0,0
132166,0,0,0,392.5,0,0
1491259,0,0,0,392.99,0,0
824443,1,1,1,393.11,0,0
1101079,1,1,1,399.8,0,0
32063,1,1,1,399.86,0,0
1586400,1,1,1,401.48,0,0
653120,0,0,0,406.91,0,0
1590984,0,0,0,407.07,0,0
1152609,1,0,0,407.24,-1,-1
550061,0,0,0,407.28,0,0
1072721,0,0,0,407.39,0,0
1251666,1,0,0,414.85,-1,-1
1076842,0,0,0,414.89,0,0
216085,0,0,0,414.92,0,0
1961242,0,0,0,415.0,0,0
1342600,0,0,0,415.2,0,0
906894,0,0,0,415.21,0,0
979869,0,0,0,415.22,0,0
1193195,1,0,0,415.51,-1,-1
918085,0,0,0,415.52,0,0
1186960,0,0,0,415.65,0,0
104422,0,0,0,415.74,0,0
1358240,0,0,0,416.83,0,0
1325275,0,0,0,416.85,0,0
1039996,0,0,0,416.92,0,0
876745,1,0,0,416.93,-1,-1
63524,0,0,0,416.95,0,0
792298,0,0,0,416.95,0,0
136236,0,0,0,418.69,0,0
409095,1,0,0,418.76,-1,-1
231040,0,0,0,418.81,0,0
566089,0,0,0,419.18,0,0
1176069,0,0,0,419.19,0,0
1012906,0,0,0,419.2,0,0
1835179,0,0,0,420.9,0,0
1975237,0,0,0,421.12,0,0
1927953,0,0,0,421.15,0,0
643708,1,0,1,421.3,-1,0
540906,0,0,0,421.35,0,0
713319,0,0,0,421.36,0,0
496585,0,0,0,421.37,0,0
43394,0,0,0,421.42,0,0
680349,0,0,0,421.42,0,0
599889,0,0,0,421.43,0,0
365648,0,0,0,421.45,0,0
209824,0,0,0,421.46,0,0
1080742,0,0,0,422.38,0,0
886865,0,0,0,422.41,0,0
527191,0,0,0,422.41,0,0
675325,0,0,0,422.56,0,0
512119,0,0,0,422.61,0,0
506864,0,0,0,422.61,0,0
1859838,0,0,0,422.71,0,0
1192383,0,0,0,422.9,0,0
1727822,0,0,0,422.94,0,0
1747632,0,0,0,422.94,0,0
1820610,0,0,0,422.97,0,0
1430994,0,0,0,423.01,0,0
795677,0,0,0,423.31,0,0
925434,0,0,0,423.39,0,0
1274432,0,0,0,423.57,0,0
1267601,0,0,0,423.57,0,0
996422,0,0,0,423.64,0,0
828500,1,0,0,423.64,-1,-1
1240826,1,0,1,423.68,-1,0
1203393,1,0,0,423.72,-1,-1
1703601,1,0,0,423.88,-1,-1
1722962,0,0,0,423.9,0,0
999386,0,0,0,425.54,0,0
1923846,0,0,0,425.83,0,0
1455528,0,0,0,425.91,0,0
1146076,0,0,0,425.93,0,0
1297293,0,0,0,426.98,0,0
991177,0,0,0,427.04,0,0
1366412,0,0,0,427.06,0,0
696795,0,0,0,427.12,0,0
1620967,0,0,0,427.41,0,0
2108853,1,0,0,427.41,-1,-1
1308996,1,0,1,435.17,-1,0
1288093,0,0,0,435.18,0,0
1236704,0,0,0,435.31,0,0
1115838,0,0,0,440.42,0,0
73267,0,0,0,440.59,0,0
1825485,0,0,0,442.36,0,0
86078,0,0,0,448.19,0,0
665584,0,0,0,448.3,0,0
957596,0,0,0,448.47,0,0
936581,0,0,0,448.57,0,0
1152076,0,0,0,448.58,0,0
690971,0,0,0,448.7,0,0
37148,1,0,0,448.83,-1,-1
1909633,0,0,0,448.91,0,0
1093123,0,0,0,449.21,0,0
1299047,0,0,0,449.21,0,0
793917,0,0,0,458.71,0,0
1845445,1,0,0,459.03,-1,-1
1506392,0,0,0,459.05,0,0
985085,0,0,0,459.23,0,0
535242,0,0,0,459.25,0,0
142984,1,0,0,459.6,-1,-1
152654,1,0,0,459.62,-1,-1
230555,0,0,0,459.69,0,0
264846,0,0,0,460.03,0,0
743804,0,0,0,460.11,0,0
939341,0,0,0,460.27,0,0
664300,0,0,0,460.44,0,0
1075238,0,0,0,460.5,0,0
1989485,0,0,0,464.71,0,0
1937341,0,0,0,464.74,0,0
1309962,0,0,0,464.84,0,0
982630,0,0,0,464.9,0,0
988432,0,0,0,464.9,0,0
1247595,1,0,1,464.91,-1,0
788257,0,0,0,466.6,0,0
666446,0,0,0,466.62,0,0
1091239,0,0,0,466.64,0,0
170941,0,0,0,466.71,0,0
42346,0,0,0,466.73,0,0
705062,0,0,0,466.91,0,0
1166998,0,0,0,467.0,0,0
800645,1,0,0,467.0,-1,-1
1950770,1,0,0,468.67,-1,-1
1745284,1,0,0,468.68,-1,-1
2092613,1,0,0,468.82,-1,-1
704413,1,0,0,469.04,-1,-1
422412,0,0,0,469.06,0,0
431848,0,0,0,469.06,0,0
728717,1,0,0,469.07,-1,-1
296837,0,0,0,469.14,0,0
1322839,0,0,0,469.3,0,0
1451435,0,0,0,469.39,0,0
1610508,1,0,0,469.57,-1,-1
555299,1,0,1,469.7,-1,0
115707,0,0,0,469.72,0,0
283241,1,0,1,469.85,-1,0
150980,0,0,0,469.86,0,0
721738,0,0,0,469.95,0,0
1310898,0,0,0,470.05,0,0
1222269,0,0,0,472.41,0,0
152655,0,0,0,472.43,0,0
1168335,0,0,0,472.5,0,0
59140,0,0,0,472.61,0,0
1096083,0,0,0,473.06,0,0
929920,0,0,0,473.11,0,0
849773,0,0,0,473.23,0,0
305463,0,0,0,473.27,0,0
1874003,0,0,0,473.38,0,0
1919503,0,0,0,473.4,0,0
1789874,0,0,0,473.44,0,0
1323091,0,0,0,473.53,0,0
928506,0,0,0,473.87,0,0
878040,0,0,0,473.88,0,0
1096073,0,0,0,475.15,0,0
1083032,1,0,0,475.16,-1,-1
505768,0,0,0,475.28,0,0
1425242,0,0,0,475.52,0,0
1823820,0,0,0,475.62,0,0
1477654,0,0,0,476.27,0,0
1356293,0,0,0,476.3,0,0
1243981,0,0,0,476.32,0,0
1103444,0,0,0,476.41,0,0
852779,0,0,0,476.42,0,0
1306513,1,0,0,476.43,-1,-1
1974695,0,0,0,476.75,0,0
927661,0,0,0,476.85,0,0
1931013,1,0,0,477.04,-1,-1
1196988,0,0,0,477.19,0,0
1032378,1,0,0,482.38,-1,-1
707737,1,0,0,482.4,-1,-1
1226445,0,0,0,482.48,0,0
1650,0,0,0,483.98,0,0
1173675,0,0,0,486.09,0,0
1074354,0,0,0,486.11,0,0
1780743,0,0,0,486.3,0,0
1745979,1,0,0,486.48,-1,-1
713982,0,0,0,486.61,0,0
554789,0,0,0,486.62,0,0
568117,0,0,0,486.62,0,0
934452,0,0,0,486.63,0,0
84678,0,0,0,486.71,0,0
175481,0,0,0,486.76,0,0
83728,0,0,0,486.8,0,0
1298714,0,0,0,486.88,0,0
1501812,0,0,0,486.96,0,0
1184699,1,0,0,486.99,-1,-1
1384243,0,0,0,487.07,0,0
1262487,0,0,0,487.09,0,0
1336476,0,0,0,487.09,0,0
1007948,0,0,0,487.13,0,0
867377,1,1,1,487.49,0,0
2234687,1,1,1,487.54,0,0
1106915,0,0,0,488.72,0,0
1616309,0,0,0,488.83,0,0
62028,1,1,1,489.3,0,0
678766,0,0,0,489.88,0,0
2129008,1,1,1,489.98,0,0
451819,1,1,1,491.05,0,0
945889,0,0,0,491.11,0,0
516150,0,0,0,491.14,0,0
1651202,0,0,0,491.4,0,0
1176278,1,0,0,491.83,-1,-1
1886685,0,0,0,492.16,0,0
961676,0,0,0,492.22,0,0
915180,0,0,0,492.24,0,0
1880659,0,0,0,492.25,0,0
822170,0,0,0,492.4,0,0
703081,0,0,0,492.43,0,0
208364,0,0,0,492.48,0,0
297387,0,0,0,493.17,0,0
1827067,0,0,0,493.31,0,0
1960615,0,0,0,493.32,0,0
1304471,0,0,0,493.32,0,0
1582417,0,0,0,493.38,0,0
1334995,0,0,0,493.43,0,0
181153,0,0,0,493.69,0,0
285809,1,0,0,493.72,-1,-1
2098460,1,0,0,493.74,-1,-1
1099477,1,0,0,493.83,-1,-1
1260151,1,0,0,493.85,-1,-1
1363431,1,0,0,493.87,-1,-1
963844,1,0,0,493.9,-1,-1
810093,1,0,0,499.12,-1,-1
763195,1,0,0,499.13,-1,-1
1108093,1,0,0,499.13,-1,-1
1415227,1,0,0,499.14,-1,-1
1204618,1,0,0,499.14,-1,-1
955824,1,0,0,499.18,-1,-1
1103355,1,0,0,499.18,-1,-1
1173074,1,0,0,499.18,-1,-1
833898,1,0,0,499.21,-1,-1
1210143,1,0,0,499.22,-1,-1
629381,1,0,0,499.22,-1,-1
702243,0,0,0,499.24,0,0
540296,1,0,0,499.29,-1,-1
400545,0,0,0,499.46,0,0
350903,0,0,0,499.48,0,0
226810,0,0,0,499.6,0,0
196688,0,0,0,499.66,0,0
1658866,0,0,0,500.59,0,0
1300284,0,0,0,500.61,0,0
1387551,0,0,0,500.64,0,0
1358931,0,0,0,500.67,0,0
1357943,0,0,0,500.76,0,0
1107163,0,0,0,500.78,0,0
1702197,0,0,0,500.83,0,0
868175,0,0,0,502.11,0,0
1943094,0,0,0,503.12,0,0
1828915,0,0,0,503.13,0,0
1320067,0,0,0,503.15,0,0
326608,0,0,0,503.39,0,0
1881285,1,0,0,503.68,-1,-1
709047,0,0,0,503.77,0,0
512647,0,0,0,503.81,0,0
940859,0,0,0,503.86,0,0
782295,0,0,0,503.92,0,0
435766,0,0,0,503.93,0,0
204154,1,0,1,504.48,-1,0
274973,0,0,0,505.35,0,0
1169977,0,0,0,505.57,0,0
1059136,0,0,0,505.6,0,0
916096,0,0,0,505.67,0,0
1419967,0,0,0,505.82,0,0
249780,1,0,0,505.86,-1,-1
1908925,0,0,0,506.03,0,0
667736,0,0,0,506.3,0,0
1234216,1,0,0,506.34,-1,-1
367712,0,0,0,506.52,0,0
670810,0,0,0,506.58,0,0
513310,0,0,0,506.69,0,0
580420,0,0,0,506.72,0,0
1666027,0,0,0,506.8,0,0
1336752,1,0,0,506.86,-1,-1
1370536,0,0,0,506.89,0,0
1361222,0,0,0,507.79,0,0
885122,1,0,0,507.88,-1,-1
1409189,0,0,0,507.89,0,0
357810,0,0,0,508.0,0,0
583436,0,0,0,508.27,0,0
642893,0,0,0,508.3,0,0
1283503,0,0,0,508.54,0,0
1683107,1,0,0,508.6,-1,-1
1341694,0,0,0,508.68,0,0
1048831,0,0,0,509.07,0,0
976049,0,0,0,509.23,0,0
1025173,0,0,0,509.26,0,0
835046,0,0,0,510.24,0,0
588961,0,0,0,510.31,0,0
269488,0,0,0,510.4,0,0
1014692,0,0,0,516.5,0,0
31588,0,0,0,517.68,0,0
1260434,1,1,1,520.19,0,0
332051,0,0,0,520.49,0,0
498569,1,1,1,520.89,0,0
168086,1,1,1,520.98,0,0
247597,1,1,1,520.99,0,0
1120817,1,1,1,524.77,0,0
7018,1,0,0,525.99,-1,-1
385239,1,1,1,527.3,0,0
1007860,1,1,1,534.24,0,0
1080023,1,1,1,534.31,0,0
1656834,1,1,1,534.73,0,0
1709287,1,1,1,538.86,0,0
647421,1,1,1,538.95,0,0
113939,1,1,1,539.09,0,0
1593061,1,1,1,539.43,0,0
1204174,1,1,1,549.78,0,0
434127,1,1,1,550.08,0,0
733972,1,1,1,550.1,0,0
1450272,1,1,1,550.3,0,0
1228797,1,1,1,550.31,0,0
1606739,1,1,1,550.35,0,0
1916396,1,1,1,550.83,0,0
1085499,1,1,1,551.0,0,0
1172960,1,1,1,551.47,0,0
2045754,1,1,1,551.96,0,0
1478961,1,1,1,552.82,0,0
155181,0,0,0,554.54,0,0
1543382,1,1,1,554.72,0,0
1175592,0,0,0,555.08,0,0
214479,0,0,0,555.2,0,0
180830,0,0,0,555.26,0,0
364476,0,0,0,556.12,0,0
536282,0,0,0,556.41,0,0
213416,0,0,0,556.45,0,0
496877,0,0,0,556.52,0,0
1334167,1,1,1,556.61,0,0
1700032,0,0,0,556.63,0,0
1468257,0,0,0,556.64,0,0
1449148,0,0,0,556.69,0,0
1743691,0,0,0,556.71,0,0
1052118,0,0,0,557.67,0,0
1908200,1,1,1,557.72,0,0
458981,1,0,0,557.98,-1,-1
708850,0,0,0,558.21,0,0
80950,1,1,1,558.27,0,0
83791,1,1,1,558.29,0,0
1847761,1,1,1,558.35,0,0
1413506,0,0,0,559.45,0,0
896810,0,0,0,559.47,0,0
1850503,0,0,0,560.07,0,0
466546,0,0,0,560.31,0,0
451361,0,0,0,560.37,0,0
246287,0,0,0,560.38,0,0
2323658,1,1,1,561.22,0,0
1575009,1,1,1,565.42,0,0
811430,1,1,1,565.52,0,0
1951809,1,1,1,565.99,0,0
1912225,1,1,1,566.03,0,0
1733802,1,1,1,567.01,0,0
893249,1,0,0,567.37,-1,-1
835166,0,0,0,567.39,0,0
383877,1,0,0,567.47,-1,-1
1198981,0,0,0,567.67,0,0
1417040,0,0,0,567.68,0,0
506995,0,0,0,567.83,0,0
375969,0,0,0,567.85,0,0
116067,1,0,0,567.89,-1,-1
401831,1,0,0,567.9,-1,-1
954532,0,0,0,568.14,0,0
1877996,1,1,1,568.27,0,0
1311428,0,0,0,568.3,0,0
1716640,0,0,0,568.61,0,0
1736132,0,0,0,568.96,0,0
2037712,1,0,0,569.86,-1,-1
525685,0,0,0,570.06,0,0
670716,1,1,1,570.15,0,0
727712,0,0,0,570.21,0,0
188131,1,0,0,570.24,-1,-1
700456,0,0,0,570.24,0,0
1774453,0,0,0,570.38,0,0
1768591,1,1,1,570.54,0,0
1668941,1,1,1,571.9,0,0
1827671,1,1,1,571.91,0,0
1160008,1,1,1,572.21,0,0
435534,1,1,1,572.45,0,0
1469016,1,1,1,572.45,0,0
287850,1,1,1,572.83,0,0
717456,0,0,0,573.01,0,0
561725,0,0,0,573.01,0,0
568151,0,0,0,573.17,0,0
69275,0,0,0,573.18,0,0
237431,0,0,0,573.2,0,0
1751084,0,0,0,573.3,0,0
878167,0,0,0,573.58,0,0
996032,1,0,0,573.62,-1,-1
1104338,0,0,0,574.08,0,0
308451,0,0,0,574.52,0,0
1686564,0,0,0,574.62,0,0
1257680,0,0,0,574.67,0,0
1266906,0,0,0,574.67,0,0
1794482,0,0,0,574.81,0,0
1673480,0,0,0,574.82,0,0
1432680,0,0,0,574.87,0,0
1580327,0,0,0,574.87,0,0
1569078,1,0,0,575.22,-1,-1
1780063,0,0,0,575.22,0,0
1360804,0,0,0,575.24,0,0
1534821,0,0,0,575.29,0,0
1689260,0,0,0,575.29,0,0
1463545,0,0,0,575.29,0,0
744481,1,0,0,575.43,-1,-1
920123,0,0,0,575.54,0,0
712921,0,0,0,575.74,0,0
430314,0,0,0,575.75,0,0
1830602,1,0,0,575.82,-1,-1
536497,1,1,1,582.97,0,0
1151481,1,1,1,583.71,0,0
1404251,0,0,0,584.8,0,0
2035365,1,1,1,585.02,0,0
79024,0,0,0,586.22,0,0
77901,0,0,0,586.22,0,0
1804362,0,0,0,586.42,0,0
557260,0,0,0,586.63,0,0
544689,0,0,0,586.75,0,0
1799004,0,0,0,587.16,0,0
1909424,0,0,0,587.18,0,0
1071602,1,0,0,588.32,-1,-1
465917,0,0,0,588.47,0,0
1643580,1,0,0,588.57,-1,-1
400121,0,0,0,589.03,0,0
208886,0,0,0,589.06,0,0
1730888,0,0,0,589.17,0,0
1036290,0,0,0,589.42,0,0
845728,0,0,0,589.43,0,0
1395399,0,0,0,589.47,0,0
833462,0,0,0,589.5,0,0
826978,0,0,0,589.52,0,0
265977,1,0,0,589.55,-1,-1
1814173,0,0,0,591.41,0,0
1831832,1,1,1,591.52,0,0
2351605,1,1,1,592.0,0,0
2166653,1,1,1,594.68,0,0
596506,1,1,1,594.74,0,0
233360,0,0,0,600.8,0,0
1400312,1,1,1,601.11,0,0
995311,1,1,1,603.59,0,0
1778279,1,1,1,603.94,0,0
2000424,1,1,1,605.0,0,0
304484,1,1,1,605.14,0,0
685042,1,1,1,605.16,0,0
990669,1,1,1,605.69,0,0
29688,1,1,1,605.96,0,0
1018364,0,0,0,608.32,0,0
787158,0,0,0,608.37,0,0
415876,0,0,0,608.45,0,0
1640546,0,0,0,608.58,0,0
1139099,0,0,0,609.3,0,0
1661808,0,0,0,609.3,0,0
1248503,1,0,0,609.31,-1,-1
1440715,0,0,0,609.47,0,0
1046583,0,0,0,609.52,0,0
843733,0,0,0,609.56,0,0
1930663,0,0,0,609.71,0,0
1259603,1,1,1,609.78,0,0
8585,0,0,0,609.88,0,0
1994965,1,1,1,610.32,0,0
1642609,1,1,1,610.48,0,0
1397479,1,1,1,611.19,0,0
289458,1,1,1,611.43,0,0
907349,1,1,1,611.64,0,0
698482,1,1,1,615.94,0,0
1388198,1,1,1,615.98,0,0
28101,1,1,1,617.33,0,0
620110,1,1,1,618.84,0,0
41223,1,1,1,619.43,0,0
1928293,1,1,1,619.53,0,0
1781183,0,0,0,620.29,0,0
1729556,1,1,1,620.31,0,0
676156,1,1,1,620.47,0,0
610419,1,1,1,620.61,0,0
216570,1,1,1,620.62,0,0
209646,1,1,1,620.67,0,0
1067799,1,1,1,621.99,0,0
1717862,1,1,1,622.23,0,0
1086927,0,0,0,622.48,0,0
780624,1,0,0,622.72,-1,-1
327124,1,0,0,622.72,-1,-1
1638411,0,0,0,622.9,0,0
873982,0,0,0,623.02,0,0
1900934,1,0,0,624.44,-1,-1
924227,0,0,0,624.68,0,0
114040,0,0,0,624.91,0,0
1037430,1,1,1,625.05,0,0
794915,1,0,0,625.42,-1,-1
324249,0,0,0,625.85,0,0
682945,0,0,0,625.99,0,0
1921822,0,0,0,626.1,0,0
1458868,0,0,0,626.24,0,0
192739,0,0,0,626.63,0,0
854366,0,0,0,626.8,0,0
905673,0,0,0,626.85,0,0
1147778,0,0,0,627.01,0,0
162470,0,0,0,627.06,0,0
1270676,0,0,0,632.63,0,0
1178635,0,0,0,632.72,0,0
154128,1,0,0,632.74,-1,-1
503882,0,0,0,632.81,0,0
814433,1,1,1,634.74,0,0
1303649,1,1,1,634.96,0,0
1786448,0,0,0,635.5,0,0
936938,1,1,1,635.67,0,0
272202,1,1,1,637.01,0,0
677899,1,1,1,637.24,0,0
937593,1,1,1,637.24,0,0
448773,1,1,1,637.35,0,0
199057,0,0,0,637.45,0,0
690555,0,0,0,637.63,0,0
2364000,1,1,1,638.5,0,0
1449407,1,1,1,641.06,0,0
941459,1,1,1,641.1,0,0
395175,1,1,1,643.62,0,0
342944,1,1,1,643.73,0,0
1959684,0,0,0,651.61,0,0
725168,0,0,0,651.7,0,0
647290,0,0,0,651.82,0,0
1759061,0,0,0,652.19,0,0
1350,1,1,1,653.5,0,0
1250900,1,1,1,653.68,0,0
809724,0,0,0,653.87,0,0
792084,0,0,0,653.88,0,0
650729,0,0,0,653.88,0,0
938494,1,1,1,654.1,0,0
1759149,0,0,0,654.19,0,0
325018,0,0,0,655.2,0,0
215725,0,0,0,655.24,0,0
549328,1,1,1,655.63,0,0
1676056,1,1,1,655.87,0,0
1886356,0,0,0,667.68,0,0
1578454,0,0,0,667.77,0,0
1250541,0,0,0,667.84,0,0
1208127,0,0,0,668.03,0,0
480874,1,0,0,668.1,-1,-1
154629,0,0,0,668.2,0,0
154767,0,0,0,668.28,0,0
122760,0,0,0,668.32,0,0
2015031,1,0,0,668.36,-1,-1
1279262,1,0,0,668.54,-1,-1
1504842,0,0,0,668.56,0,0
1174092,0,0,0,668.76,0,0
1322807,0,0,0,669.56,0,0
1207147,0,0,0,669.77,0,0
72939,0,0,0,670.02,0,0
1991874,1,1,1,670.19,0,0
2233204,1,1,1,671.2,0,0
166979,1,1,1,671.2,0,0
721040,1,1,1,672.27,0,0
1993843,1,1,1,672.62,0,0
387670,1,1,1,672.93,0,0
68756,1,1,1,673.1,0,0
682712,1,0,0,673.64,-1,-1
689290,0,0,0,673.64,0,0
1948182,1,1,1,674.5,0,0
158344,1,1,1,674.91,0,0
1894821,1,1,1,675.64,0,0
493783,1,1,1,675.71,0,0
401587,1,1,1,676.76,0,0
1004838,0,0,0,677.34,0,0
1012206,0,0,0,677.35,0,0
361387,0,0,0,677.39,0,0
1489092,1,1,1,678.27,0,0
2265014,1,1,1,683.96,0,0
1910161,1,1,1,684.06,0,0
1633541,1,1,1,684.07,0,0
2289722,1,1,1,684.07,0,0
2015413,1,1,1,684.53,0,0
1390021,0,0,0,686.63,0,0
1445381,1,0,0,686.64,-1,-1
1362228,0,0,0,686.69,0,0
1763393,1,0,0,686.82,-1,-1
1377874,1,0,1,686.9,-1,0
971972,0,0,0,686.94,0,0
1414390,0,0,0,686.97,0,0
242976,0,0,0,686.99,0,0
1954076,0,0,0,687.18,0,0
1162707,0,0,0,687.53,0,0
480547,0,0,0,687.6,0,0
405908,0,0,0,687.61,0,0
849500,0,0,0,687.63,0,0
1576396,0,0,0,687.76,0,0
264607,0,0,0,689.27,0,0
195431,0,0,0,689.27,0,0
1276046,0,0,0,689.42,0,0
1493385,0,0,0,689.43,0,0
1963108,0,0,0,689.97,0,0
1679473,0,0,0,689.99,0,0
1907221,0,0,0,690.08,0,0
695036,0,0,0,690.15,0,0
575450,0,0,0,690.22,0,0
1609593,1,0,0,690.38,-1,-1
1559005,1,1,1,692.56,0,0
1848995,1,1,1,692.64,0,0
1851871,1,1,1,692.64,0,0
1344531,1,1,1,692.65,0,0
1724751,0,0,0,692.67,0,0
1781819,1,1,1,692.71,0,0
867676,0,0,0,694.2,0,0
828323,0,0,0,694.22,0,0
776058,0,0,0,694.25,0,0
1161567,0,0,0,694.5,0,0
1287687,0,0,0,694.59,0,0
629876,0,0,0,694.67,0,0
835526,0,0,0,694.69,0,0
748832,0,0,0,694.78,0,0
2090221,1,0,0,694.86,-1,-1
1006307,0,0,0,694.92,0,0
759740,0,0,0,694.97,0,0
516469,1,0,0,694.98,-1,-1
122239,1,0,0,695.14,-1,-1
1906123,0,0,0,695.17,0,0
1007731,1,0,0,700.86,-1,-1
811372,0,0,0,701.51,0,0
505341,1,1,1,701.81,0,0
1747410,1,1,1,702.27,0,0
324963,1,1,1,703.22,0,0
771981,1,1,1,704.21,0,0
1403130,1,1,1,704.55,0,0
64943,0,0,0,705.03,0,0
560445,0,0,0,705.77,0,0
924483,1,1,1,705.92,0,0
1572048,1,1,1,706.51,0,0
171535,0,0,0,708.31,0,0
1885407,0,0,0,708.49,0,0
1845173,0,0,0,708.52,0,0
1273313,0,0,0,708.52,0,0
60903,0,0,0,708.69,0,0
342064,0,0,0,708.76,0,0
911849,1,0,0,709.07,-1,-1
844909,0,0,0,709.11,0,0
863160,0,0,0,709.13,0,0
1044597,1,0,1,709.15,-1,0
1237398,1,0,0,709.22,-1,-1
644982,1,0,0,709.23,-1,-1
1003899,0,0,0,709.3,0,0
1983379,0,0,0,709.39,0,0
1787286,1,0,0,709.42,-1,-1
77485,0,0,0,710.41,0,0
161538,1,0,1,710.42,-1,0
653924,1,0,1,710.43,-1,0
596219,1,0,0,710.51,-1,-1
1114445,0,0,0,710.66,0,0
1274016,0,0,0,710.87,0,0
1054994,0,0,0,710.89,0,0
404021,0,0,0,711.02,0,0
662752,1,1,1,711.06,0,0
935417,0,0,0,711.43,0,0
1110773,0,0,0,711.44,0,0
1151272,1,0,0,711.53,-1,-1
652775,0,0,0,711.62,0,0
873658,1,0,0,711.63,-1,-1
1876537,0,0,0,711.79,0,0
1986737,0,0,0,711.81,0,0
1552618,0,0,0,711.9,0,0
602508,0,0,0,712.08,0,0
881681,0,0,0,712.09,0,0
433701,0,0,0,712.23,0,0
1683066,0,0,0,716.64,0,0
1028606,0,0,0,716.66,0,0
1408637,0,0,0,716.84,0,0
1543939,1,0,0,716.88,-1,-1
62346,1,0,0,717.01,-1,-1
114325,0,0,0,717.17,0,0
369084,1,0,0,717.2,-1,-1
383294,0,0,0,717.2,0,0
316703,0,0,0,717.24,0,0
1400689,0,0,0,717.37,0,0
1561444,0,0,0,717.38,0,0
988435,0,0,0,717.39,0,0
1144478,0,0,0,717.41,0,0
2013050,1,0,0,718.3,-1,-1
2018642,1,0,0,718.47,-1,-1
1944527,0,0,0,718.47,0,0
1056936,0,0,0,718.66,0,0
464999,1,0,0,718.69,-1,-1
377792,0,0,0,718.75,0,0
521043,0,0,0,719.29,0,0
749798,0,0,0,719.3,0,0
1019202,0,0,0,719.48,0,0
1604514,1,0,0,720.09,-1,-1
909771,0,0,0,720.15,0,0
1228310,0,0,0,720.16,0,0
1626510,0,0,0,720.66,0,0
42961,0,0,0,720.82,0,0
477089,0,0,0,720.84,0,0
227407,0,0,0,721.02,0,0
1329021,0,0,0,721.22,0,0
1417860,0,0,0,721.25,0,0
946114,0,0,0,721.39,0,0
917349,1,0,1,721.39,-1,0
1242957,1,0,0,721.4,-1,-1
1260069,1,0,0,721.43,-1,-1
2067083,1,0,1,721.53,-1,0
1883103,0,0,0,721.53,0,0
1672239,0,0,0,721.61,0,0
360737,0,0,0,721.69,0,0
424226,1,0,0,721.78,-1,-1
1966571,0,0,0,721.92,0,0
228893,0,0,0,721.97,0,0
858717,0,0,0,722.05,0,0
755040,1,0,1,722.15,-1,0
1061042,0,0,0,722.61,0,0
951221,0,0,0,722.63,0,0
840112,0,0,0,722.66,0,0
1972191,0,0,0,722.69,0,0
1616494,1,0,0,722.84,-1,-1
1517632,1,0,0,723.04,-1,-1
769193,0,0,0,723.16,0,0
508649,1,0,1,723.18,-1,0
340072,1,0,1,723.22,-1,0
797331,1,0,0,723.27,-1,-1
1807104,0,0,0,723.4,0,0
1520940,0,0,0,723.4,0,0
1970956,0,0,0,723.42,0,0
1801911,0,0,0,723.47,0,0
1759375,0,0,0,723.49,0,0
1272843,0,0,0,723.59,0,0
1064709,0,0,0,723.62,0,0
239800,0,0,0,723.89,0,0
913104,0,0,0,724.1,0,0
1159588,0,0,0,724.29,0,0
1025950,1,0,0,724.31,-1,-1
1088932,0,0,0,724.36,0,0
1319145,0,0,0,724.4,0,0
1217712,1,0,0,724.89,-1,-1
1759829,0,0,0,724.98,0,0
1786801,0,0,0,725.02,0,0
1741530,0,0,0,725.03,0,0
2048443,1,0,1,725.05,-1,0
1815698,1,0,0,725.05,-1,-1
320137,1,0,0,725.55,-1,-1
799718,1,0,0,725.6,-1,-1
856455,0,0,0,725.64,0,0
191439,0,0,0,725.65,0,0
1163085,0,0,0,725.96,0,0
1242224,0,0,0,726.0,0,0
1608899,0,0,0,726.01,0,0
1743663,1,0,0,726.1,-1,-1
1511869,1,0,0,726.1,-1,-1
1534499,1,0,0,726.13,-1,-1
225937,0,0,0,726.32,0,0
31615,0,0,0,726.35,0,0
323198,1,0,0,726.47,-1,-1
1491652,0,0,0,726.61,0,0
502852,0,0,0,726.64,0,0
446272,0,0,0,726.65,0,0
2155178,1,0,0,726.79,-1,-1
2230102,1,0,0,726.8,-1,-1
871733,0,0,0,726.89,0,0
731609,1,0,0,735.25,-1,-1
645101,1,0,0,735.26,-1,-1
21532,1,0,0,735.4,-1,-1
546910,0,0,0,735.41,0,0
1650602,1,0,0,735.51,-1,-1
1064800,1,0,0,735.51,-1,-1
768330,0,0,0,735.67,0,0
834659,0,0,0,735.74,0,0
1046966,0,0,0,735.76,0,0
568313,0,0,0,735.78,0,0
666769,1,0,0,735.9,-1,-1
92693,0,0,0,735.91,0,0
115738,0,0,0,735.92,0,0
107373,1,0,0,735.93,-1,-1
939810,0,0,0,736.27,0,0
513800,1,0,1,736.3,-1,0
715200,1,0,1,736.3,-1,0
1572326,0,0,0,736.36,0,0
1838139,1,0,0,736.38,-1,-1
1398236,0,0,0,736.38,0,0
375016,1,0,1,736.56,-1,0
1781028,0,0,0,736.56,0,0
1363341,0,0,0,736.58,0,0
1811018,1,0,0,736.6,-1,-1
1278563,1,0,0,736.6,-1,-1
1313680,0,0,0,736.63,0,0
399666,1,0,0,736.69,-1,-1
174565,1,0,1,736.72,-1,0
2350296,1,0,0,736.8,-1,-1
1101612,0,0,0,736.83,0,0
114854,0,0,0,736.86,0,0
127680,0,0,0,737.31,0,0
305419,0,0,0,737.44,0,0
973001,1,0,0,737.53,-1,-1
174532,1,0,1,737.54,-1,0
861271,1,0,0,737.73,-1,-1
1351996,1,0,0,737.81,-1,-1
1655627,1,0,0,737.82,-1,-1
1693662,0,0,0,737.97,0,0
1578648,0,0,0,738.02,0,0
998986,0,0,0,738.11,0,0
327894,1,0,0,738.24,-1,-1
1452074,0,0,0,738.28,0,0
54327,1,0,0,738.73,-1,-1
367460,1,0,0,738.74,-1,-1
206033,1,0,0,738.75,-1,-1
499105,1,0,0,738.75,-1,-1
489894,1,0,0,738.75,-1,-1
263688,1,0,0,738.75,-1,-1
492713,1,0,0,738.75,-1,-1
191294,1,0,0,738.76,-1,-1
515302,0,0,0,738.79,0,0
1385244,0,0,0,738.84,0,0
986342,0,0,0,738.94,0,0
951886,0,0,0,739.0,0,0
1451077,1,0,1,739.08,-1,0
757220,1,0,0,739.11,-1,-1
1987333,0,0,0,739.21,0,0
291545,1,0,1,739.22,-1,0
607095,0,0,0,739.44,0,0
569718,1,0,0,739.5,-1,-1
819169,1,0,0,739.5,-1,-1
722884,0,0,0,739.66,0,0
1778368,1,0,0,739.9,-1,-1
1771620,0,0,0,739.93,0,0
1686795,0,0,0,740.0,0,0
1640770,0,0,0,740.03,0,0
1247827,0,0,0,740.08,0,0
643851,0,0,0,740.25,0,0
1523321,0,0,0,740.31,0,0
1531494,0,0,0,740.65,0,0
1030963,0,0,0,740.72,0,0
1162935,1,0,0,740.79,-1,-1
1540585,0,0,0,740.99,0,0
1129697,1,0,0,741.01,-1,-1
1623954,1,0,0,741.07,-1,-1
1053781,1,0,0,741.09,-1,-1
801777,1,0,0,741.2,-1,-1
1399428,1,0,0,741.23,-1,-1
217683,0,0,0,741.31,0,0
74689,1,0,0,741.38,-1,-1
1172523,1,0,1,741.55,-1,0
341339,1,0,0,741.78,-1,-1
83682,0,0,0,741.83,0,0
1912521,0,0,0,741.87,0,0
893460,1,0,0,742.02,-1,-1
1206449,0,0,0,742.03,0,0
247009,1,0,0,742.22,-1,-1
1704967,0,0,0,742.28,0,0
1909448,0,0,0,742.34,0,0
1256748,0,0,0,742.45,0,0
484547,0,0,0,742.6,0,0
288991,0,0,0,742.62,0,0
637433,1,0,0,742.63,-1,-1
678625,0,0,0,742.66,0,0
160936,0,0,0,742.73,0,0
93572,1,0,0,742.73,-1,-1
1504945,0,0,0,742.85,0,0
1657173,0,0,0,742.87,0,0
2216878,1,0,0,742.98,-1,-1
1271390,0,0,0,743.1,0,0
1437741,0,0,0,743.14,0,0
469409,1,0,1,743.21,-1,0
141455,0,0,0,743.24,0,0
1885586,1,0,0,743.26,-1,-1
249202,1,0,0,743.27,-1,-1
865466,1,0,1,743.45,-1,0
13459,0,0,0,743.47,0,0
90377,0,0,0,743.49,0,0
894698,0,0,0,743.62,0,0
814071,0,0,0,743.63,0,0
1439879,0,0,0,744.16,0,0
1636997,1,0,0,744.23,-1,-1
1237181,0,0,0,744.3,0,0
690496,0,0,0,744.4,0,0
591805,0,0,0,744.55,0,0
1630258,0,0,0,744.76,0,0
1212786,0,0,0,744.79,0,0
1158384,0,0,0,744.96,0,0
636883,0,0,0,744.97,0,0
1662159,0,0,0,744.98,0,0
1435686,0,0,0,744.98,0,0
1418585,0,0,0,745.1,0,0
58121,0,0,0,745.16,0,0
207635,0,0,0,745.26,0,0
540256,0,0,0,745.6,0,0
472822,0,0,0,745.68,0,0
905094,0,0,0,745.72,0,0
1563135,1,0,0,745.87,-1,-1
1447447,0,0,0,745.94,0,0
784162,0,0,0,745.94,0,0
795052,1,0,1,746.08,-1,0
1197558,0,0,0,750.21,0,0
849530,1,0,1,750.26,-1,0
443190,1,0,1,750.26,-1,0
876855,0,0,0,751.62,0,0
567400,0,0,0,752.28,0,0
605053,0,0,0,752.3,0,0
986728,0,1,0,752.35,1,0
1008226,0,0,0,752.38,0,0
991668,1,0,0,752.39,-1,-1
1939336,1,0,1,752.63,-1,0
1862144,0,0,0,752.73,0,0
1890966,0,0,0,752.74,0,0
1733631,0,0,0,753.36,0,0
1939843,1,0,0,753.43,-1,-1
1844271,1,0,0,753.5,-1,-1
679454,0,0,0,753.53,0,0
90269,0,0,0,753.74,0,0
448473,0,0,0,753.75,0,0
183026,0,0,0,753.77,0,0
1852716,0,0,0,753.81,0,0
453784,0,0,0,755.33,0,0
246114,0,0,0,755.43,0,0
557854,0,0,0,755.45,0,0
527528,0,0,0,755.51,0,0
815953,0,0,0,755.58,0,0
533118,1,0,0,755.61,-1,-1
36053,0,0,0,755.62,0,0
493854,1,0,1,755.66,-1,0
1347090,0,0,0,755.84,0,0
1540380,0,0,0,755.89,0,0
1144626,0,0,0,756.05,0,0
1809091,0,0,0,756.52,0,0
1301824,0,0,0,756.7,0,0
936065,0,0,0,756.85,0,0
1709129,0,0,0,756.87,0,0
1629673,0,0,0,756.9,0,0
2083889,1,0,0,756.94,-1,-1
1645895,0,0,0,756.95,0,0
1553369,0,0,0,757.05,0,0
354126,0,0,0,757.27,0,0
127677,1,0,0,757.28,-1,-1
1426037,0,0,0,757.47,0,0
1669962,0,0,0,757.51,0,0
1560117,1,0,0,757.53,-1,-1
1148385,0,0,0,757.59,0,0
1348869,1,0,1,757.59,-1,0
1046086,1,0,1,757.86,-1,0
1107920,1,0,1,757.86,-1,0
1102407,1,0,1,757.87,-1,0
1822108,0,0,0,757.92,0,0
1169430,1,0,1,757.95,-1,0
1321330,1,0,1,757.96,-1,0
1510093,0,0,0,758.03,0,0
951201,0,0,0,758.04,0,0
1576035,0,0,0,758.09,0,0
1363436,1,0,1,758.11,-1,0
990290,1,0,1,758.11,-1,0
1585403,1,0,1,758.13,-1,0
30097,0,0,0,758.18,0,0
472618,0,0,0,758.2,0,0
1780461,1,0,0,759.22,-1,-1
158412,0,0,0,759.53,0,0
1171667,0,0,0,759.61,0,0
1852173,1,0,1,759.63,-1,0
1437989,0,0,0,759.84,0,0
442734,0,0,0,759.88,0,0
290188,0,0,0,759.94,0,0
178221,0,0,0,760.06,0,0
1321828,0,0,0,760.09,0,0
497626,0,0,0,760.22,0,0
908066,0,0,0,760.5,0,0
858970,0,0,0,760.52,0,0
1418624,0,0,0,760.57,0,0
696430,0,0,0,760.59,0,0
1509171,0,0,0,760.71,0,0
979808,0,0,0,761.14,0,0
681482,0,0,0,761.17,0,0
918617,0,0,0,761.18,0,0
1376331,0,0,0,761.5,0,0
1892832,0,0,0,761.53,0,0
1775323,0,0,0,761.57,0,0
955952,0,0,0,761.61,0,0
368937,0,0,0,761.62,0,0
169308,0,0,0,761.64,0,0
170313,0,0,0,761.64,0,0
264635,0,0,0,761.67,0,0
497981,0,0,0,761.68,0,0
379813,0,0,0,761.83,0,0
321573,0,0,0,761.83,0,0
1257932,0,0,0,761.87,0,0
1654586,0,0,0,761.9,0,0
1459433,0,0,0,761.94,0,0
1534416,0,0,0,761.94,0,0
703554,1,0,1,761.96,-1,0
1287273,0,0,0,762.02,0,0
1274623,0,0,0,762.02,0,0
96029,1,0,0,762.25,-1,-1
1459322,0,0,0,762.42,0,0
649758,0,0,0,762.75,0,0
795038,0,0,0,762.76,0,0
813495,0,0,0,762.85,0,0
459216,1,0,0,762.87,-1,-1
1900659,0,0,0,762.96,0,0
1711635,0,0,0,763.01,0,0
1922882,0,0,0,763.01,0,0
1499827,0,0,0,763.09,0,0
1475947,0,0,0,763.13,0,0
398544,0,0,0,763.2,0,0
380388,1,0,0,763.3,-1,-1
255090,1,0,1,763.5,-1,0
1113434,0,0,0,767.02,0,0
1775228,0,0,0,767.05,0,0
922750,0,0,0,767.15,0,0
1176166,0,0,0,769.28,0,0
893915,0,0,0,769.3,0,0
662619,0,0,1,769.4,0,1
329008,0,0,0,769.43,0,0
978946,1,0,0,769.44,-1,-1
676454,0,0,0,769.6,0,0
1612021,1,0,1,769.67,-1,0
1820934,0,0,0,769.75,0,0
1889110,0,0,0,769.85,0,0
1341194,0,0,0,769.99,0,0
413643,0,0,0,770.22,0,0
76984,0,0,0,770.43,0,0
365143,0,0,0,770.43,0,0
1064025,0,0,0,770.61,0,0
763851,1,0,1,770.71,-1,0
1722604,1,0,1,770.87,-1,0
1696350,0,0,0,770.95,0,0
427065,0,0,0,771.08,0,0
554659,0,0,0,771.08,0,0
699467,1,0,1,771.14,-1,0
816406,1,0,0,771.21,-1,-1
1649066,0,0,0,771.59,0,0
1518472,0,0,0,771.61,0,0
341629,0,0,0,771.75,0,0
1149156,1,0,0,771.88,-1,-1
1148469,0,0,0,771.98,0,0
968225,1,0,0,772.03,-1,-1
1241312,0,0,0,772.12,0,0
823916,0,0,0,772.53,0,0
1127155,0,0,0,772.67,0,0
1806151,0,0,0,773.07,0,0
419519,0,0,0,773.29,0,0
135489,0,0,0,773.5,0,0
87591,0,0,0,773.54,0,0
1429208,0,0,0,773.67,0,0
1376738,1,0,0,773.7,-1,-1
112414,0,0,0,773.98,0,0
1978164,0,0,0,773.99,0,0
1785320,1,0,0,774.07,-1,-1
1613188,0,0,0,774.15,0,0
647049,0,0,0,774.25,0,0
638624,0,0,0,774.44,0,0
1674316,0,0,0,774.52,0,0
860567,0,0,0,774.62,0,0
1741040,0,0,0,774.9,0,0
1604205,0,0,0,775.09,0,0
1904502,0,0,0,776.33,0,0
1309639,0,0,0,776.36,0,0
269673,1,0,0,776.41,-1,-1
271265,0,0,0,776.54,0,0
1254526,0,0,0,776.89,0,0
37003,0,0,0,776.99,0,0
1980838,0,0,0,777.01,0,0
467843,0,0,0,777.38,0,0
701325,0,0,0,777.4,0,0
563731,0,0,0,777.4,0,0
464135,0,0,0,777.45,0,0
95928,0,0,0,777.56,0,0
921654,0,0,0,778.46,0,0
2123610,1,0,0,778.59,-1,-1
1034306,0,0,0,778.73,0,0
917095,0,0,0,778.85,0,0
642576,0,0,0,778.98,0,0
1315158,0,0,0,779.17,0,0
414647,0,0,0,779.4,0,0
480314,1,0,0,779.46,-1,-1
533866,1,0,0,779.7,-1,-1
1593082,0,0,0,779.73,0,0
1301259,0,0,0,779.89,0,0
1058976,0,0,0,779.93,0,0
1428573,0,0,0,779.95,0,0
1381985,0,0,0,779.98,0,0
894345,0,0,0,779.99,0,0
2167142,1,0,0,780.19,-1,-1
201486,0,0,0,780.26,0,0
2000672,1,0,0,780.27,-1,-1
148899,0,0,0,780.28,0,0
735079,0,0,0,783.78,0,0
1127981,0,0,0,783.95,0,0
615263,0,0,0,783.97,0,0
1487912,0,0,0,784.03,0,0
1759501,0,0,0,784.07,0,0
206871,0,0,0,784.3,0,0
208349,0,0,0,784.44,0,0
1024596,0,0,0,784.67,0,0
924796,0,0,0,784.74,0,0
250934,0,0,0,785.97,0,0
1683737,0,0,0,786.0,0,0
1357126,0,0,0,786.05,0,0
1384714,1,0,0,786.17,-1,-1
1252287,0,0,0,786.18,0,0
1208753,0,0,0,786.22,0,0
331941,0,0,0,786.3,0,0
168946,0,0,0,786.31,0,0
1437798,0,0,0,786.61,0,0
256674,0,0,0,786.64,0,0
1001704,0,0,0,786.67,0,0
1839193,0,0,0,786.94,0,0
1893014,0,0,0,786.95,0,0
333339,0,0,0,787.31,0,0
67730,0,0,0,787.32,0,0
219491,1,0,0,787.34,-1,-1
1576714,0,0,0,787.36,0,0
1373081,0,0,0,787.51,0,0
525050,1,0,0,787.65,-1,-1
191340,1,0,0,787.67,-1,-1
239833,0,0,0,787.72,0,0
3422,0,0,0,787.79,0,0
304685,0,0,0,787.81,0,0
237149,0,0,0,787.87,0,0
837163,0,0,0,787.96,0,0
1442428,0,0,0,787.98,0,0
1341580,1,0,0,788.04,-1,-1
674774,1,0,0,788.11,-1,-1
1284377,1,0,0,788.14,-1,-1
789774,1,0,0,788.15,-1,-1
1932697,0,0,0,788.26,0,0
1958352,0,0,0,788.4,0,0
1649967,0,0,0,788.43,0,0
713232,0,0,0,788.7,0,0
45801,0,0,0,788.77,0,0
493955,1,0,0,788.78,-1,-1
1816290,0,0,0,788.83,0,0
1958124,0,0,0,789.08,0,0
1639007,0,0,0,789.13,0,0
603554,0,0,0,789.2,0,0
767327,0,0,0,789.26,0,0
884924,1,0,0,789.76,-1,-1
739089,0,0,0,789.84,0,0
143032,0,0,0,789.9,0,0
2025363,1,0,0,789.94,-1,-1
1966357,1,0,0,789.94,-1,-1
1537551,0,0,0,789.96,0,0
1699727,1,0,1,790.07,-1,0
1537175,1,0,0,790.16,-1,-1
1659461,1,0,1,790.19,-1,0
1518647,0,0,0,790.23,0,0
1591919,0,0,0,790.23,0,0
148531,1,0,0,790.27,-1,-1
565240,0,0,0,790.3,0,0
474778,0,0,0,790.36,0,0
78593,0,0,0,790.49,0,0
1078438,0,0,0,790.52,0,0
1449321,0,0,0,790.61,0,0
1401796,0,0,0,790.63,0,0
843374,1,0,0,790.64,-1,-1
1497346,0,0,0,790.65,0,0
765700,1,0,0,790.72,-1,-1
1137547,0,0,0,790.74,0,0
1381048,0,0,0,790.76,0,0
1211097,1,0,0,790.79,-1,-1
1185789,0,0,0,790.86,0,0
1817372,0,0,0,790.97,0,0
1822132,0,0,0,791.04,0,0
1501500,0,0,0,791.1,0,0
932679,0,0,0,791.17,0,0
777685,0,0,0,791.18,0,0
1100528,0,0,0,791.41,0,0
496665,0,0,0,791.47,0,0
1743474,1,0,0,791.59,-1,-1
1700604,0,0,0,791.62,0,0
1657837,0,0,0,791.67,0,0
1347838,0,0,0,792.15,0,0
1688000,0,0,0,792.19,0,0
436713,0,0,0,792.27,0,0
489060,1,0,1,792.3,-1,0
2328972,1,0,0,792.32,-1,-1
27248,0,0,0,792.32,0,0
1610932,0,0,0,792.63,0,0
1137876,0,0,0,792.67,0,0
977397,0,0,0,792.73,0,0
1281416,1,0,1,792.78,-1,0
1322654,0,0,0,792.8,0,0
945528,1,0,0,792.83,-1,-1
1982449,0,0,0,792.85,0,0
2114250,1,0,1,792.99,-1,0
1937675,0,0,0,793.08,0,0
1677655,0,0,0,793.1,0,0
679511,1,0,0,793.21,-1,-1
327373,0,0,0,793.34,0,0
1628916,0,0,0,793.52,0,0
1498536,0,0,0,793.56,0,0
459466,0,0,0,793.69,0,0
1266089,1,0,0,793.69,-1,-1
1556053,1,0,0,793.71,-1,-1
1640227,0,0,0,793.71,0,0
1638208,0,0,0,793.9,0,0
1878727,1,0,0,793.92,-1,-1
1529609,0,0,0,794.02,0,0
396428,0,0,0,794.07,0,0
239323,0,0,0,794.12,0,0
1284596,0,0,0,794.71,0,0
1688719,1,0,1,794.82,-1,0
1297955,1,0,0,794.89,-1,-1
1139824,0,0,0,795.02,0,0
197965,0,0,0,795.07,0,0
1967781,1,0,0,795.3,-1,-1
1712601,0,0,0,795.31,0,0
852062,1,0,0,795.51,-1,-1
1084599,1,0,0,795.53,-1,-1
535958,0,0,0,795.54,0,0
1926535,1,0,0,795.6,-1,-1
639733,1,0,0,795.87,-1,-1
659766,1,0,0,795.87,-1,-1
1193957,0,0,0,795.92,0,0
537781,0,0,0,795.98,0,0
289820,0,0,0,796.06,0,0
25917,0,0,0,796.22,0,0
2074605,1,0,0,796.3,-1,-1
94781,0,0,0,796.33,0,0
1033547,0,0,0,796.49,0,0
310812,1,0,0,802.04,-1,-1
299946,0,0,0,802.26,0,0
861297,1,0,0,802.28,-1,-1
909376,0,0,0,802.32,0,0
1494318,0,0,0,802.34,0,0
1460035,0,0,0,802.37,0,0
1991854,0,0,0,802.39,0,0
194680,0,0,0,802.4,0,0
929078,1,0,0,802.45,-1,-1
1969620,0,0,0,802.63,0,0
24369,0,0,0,802.69,0,0
564372,0,0,0,802.96,0,0
454778,0,0,0,803.01,0,0
881536,0,0,0,803.09,0,0
1846587,0,0,0,803.16,0,0
1565459,0,0,0,803.24,0,0
1604604,1,0,0,803.28,-1,-1
380068,1,0,0,803.38,-1,-1
110111,0,0,0,803.61,0,0
1870962,0,0,0,804.32,0,0
66020,0,0,0,804.47,0,0
20620,0,0,0,804.49,0,0
1913506,0,0,0,804.5,0,0
1640801,0,0,0,804.63,0,0
293879,1,0,0,804.91,-1,-1
288405,1,0,0,804.92,-1,-1
598618,1,0,0,804.93,-1,-1
678924,1,0,0,804.93,-1,-1
742067,1,0,0,804.93,-1,-1
1377795,1,0,0,805.02,-1,-1
1594378,0,0,0,805.15,0,0
1407417,1,0,0,805.46,-1,-1
1287545,0,0,0,805.47,0,0
1668267,1,0,0,805.52,-1,-1
1459189,0,0,0,805.58,0,0
926619,0,0,0,805.68,0,0
976771,1,0,0,805.73,-1,-1
1494594,0,0,0,805.77,0,0
973855,0,0,0,805.84,0,0
1084603,1,0,0,805.88,-1,-1
650188,0,0,0,805.96,0,0
905587,0,0,0,806.38,0,0
1710471,0,0,0,806.59,0,0
1142841,0,0,0,806.68,0,0
581387,0,0,0,806.72,0,0
847948,0,0,0,806.77,0,0
987508,0,0,0,806.77,0,0
992012,0,0,0,806.84,0,0
1958661,1,0,0,806.92,-1,-1
190569,0,0,0,806.93,0,0
1995567,0,0,0,807.04,0,0
1975989,1,0,0,807.1,-1,-1
72873,0,0,0,807.27,0,0
450379,0,0,0,807.29,0,0
482129,0,0,0,807.33,0,0
355261,0,0,0,807.33,0,0
562744,1,0,0,807.33,-1,-1
99091,1,0,0,807.36,-1,-1
1253966,0,0,0,807.56,0,0
1081031,1,0,0,807.61,-1,-1
2174196,1,0,0,807.76,-1,-1
1968191,0,0,0,807.78,0,0
1648959,0,0,0,807.79,0,0
1563076,0,1,0,807.83,1,0
977478,0,0,0,807.87,0,0
13255,0,0,0,808.59,0,0
1959824,0,0,0,808.72,0,0
488688,0,0,0,808.95,0,0
443679,0,0,0,808.98,0,0
202697,0,0,0,809.03,0,0
1533741,0,0,0,809.1,0,0
1592267,0,0,0,809.16,0,0
1641879,0,0,0,809.21,0,0
1596995,0,0,0,809.25,0,0
547973,1,0,0,809.37,-1,-1
879910,1,0,0,810.64,-1,-1
1125827,0,0,0,810.75,0,0
1089086,0,0,0,810.78,0,0
727852,0,0,0,810.79,0,0
1795820,0,0,0,810.9,0,0
1404545,0,0,0,811.03,0,0
1890341,0,0,0,811.08,0,0
94904,0,0,0,811.21,0,0
565840,1,0,0,811.63,-1,-1
181642,0,0,0,811.67,0,0
1538550,1,0,0,811.7,-1,-1
1183617,0,0,0,811.71,0,0
185718,1,0,0,811.73,-1,-1
1371570,0,0,0,811.87,0,0
449345,0,0,0,811.99,0,0
1136919,1,0,0,812.4,-1,-1
720595,0,0,0,812.4,0,0
782714,0,0,0,812.51,0,0
1028469,1,0,0,812.52,-1,-1
280384,0,0,0,812.52,0,0
1713224,0,0,0,812.63,0,0
1218295,0,0,0,812.81,0,0
1970649,0,0,0,812.87,0,0
396076,0,0,0,813.05,0,0
609569,0,0,0,813.05,0,0
548518,1,0,1,813.11,-1,0
1651367,0,0,0,813.11,0,0
764138,1,0,1,813.12,-1,0
1744985,0,0,0,813.19,0,0
1558301,0,0,0,813.24,0,0
198222,1,0,0,819.25,-1,-1
374264,0,0,0,819.28,0,0
100311,0,0,0,819.31,0,0
1894230,1,0,0,819.49,-1,-1
1013418,0,0,0,819.77,0,0
880530,0,0,0,819.8,0,0
2057099,1,0,0,820.39,-1,-1
1928873,1,0,0,820.49,-1,-1
1176979,0,0,0,821.12,0,0
182201,0,0,0,821.28,0,0
285414,0,0,0,821.41,0,0
278833,0,0,0,821.46,0,0
96444,0,0,0,821.5,0,0
59532,0,0,0,821.56,0,0
1283050,0,0,0,821.58,0,0
651860,1,1,1,821.73,0,0
2055709,1,1,1,822.05,0,0
1920381,1,1,1,822.14,0,0
1717464,1,1,1,822.17,0,0
857052,1,1,1,822.72,0,0
2269455,1,1,1,824.12,0,0
200480,1,1,1,824.52,0,0
1647965,1,0,0,824.76,-1,-1
1448952,0,0,0,824.85,0,0
232203,0,0,0,825.29,0,0
575917,0,0,0,825.31,0,0
665214,1,1,1,825.39,0,0
224181,0,0,0,825.44,0,0
1099488,1,1,1,826.41,0,0
1330246,1,1,1,826.43,0,0
1262810,1,1,1,826.45,0,0
900466,1,1,1,826.45,0,0
1919211,1,1,1,827.45,0,0
2331132,1,1,1,827.55,0,0
2126608,1,1,1,827.59,0,0
1151607,1,1,1,827.83,0,0
636845,1,1,1,828.68,0,0
1016118,1,1,1,836.71,0,0
1477186,1,1,1,836.75,0,0
663480,1,1,1,837.38,0,0
358645,1,1,1,837.56,0,0
1952581,1,1,1,839.26,0,0
1262863,0,0,0,876.64,0,0
151204,1,1,1,876.67,0,0
1773628,0,0,0,878.98,0,0
1349708,0,0,0,879.0,0,0
277172,1,1,1,879.3,0,0
1997277,1,1,1,879.69,0,0
1995054,0,0,0,880.8,0,0
1925764,0,0,0,880.92,0,0
1887425,1,1,1,880.97,0,0
1509730,1,1,1,881.08,0,0
1811281,1,1,1,881.09,0,0
274542,1,0,0,884.79,-1,-1
1971949,1,1,1,885.02,0,0
1803460,0,0,0,885.09,0,0
1748697,0,0,0,885.12,0,0
1906791,0,0,0,885.13,0,0
1397606,1,0,0,886.12,-1,-1
983710,0,0,0,886.49,0,0
761654,1,1,1,886.59,0,0
757956,1,1,1,887.15,0,0
463690,1,1,1,887.18,0,0
352870,1,1,1,887.25,0,0
301741,1,1,1,887.58,0,0
2321691,1,1,1,887.59,0,0
226092,1,1,1,887.68,0,0
985896,1,1,1,888.44,0,0
432949,1,1,1,888.59,0,0
2013496,1,1,1,888.61,0,0
1548889,1,1,1,888.64,0,0
2050233,1,0,0,888.65,-1,-1
1766210,0,0,0,888.65,0,0
1988719,0,0,0,888.83,0,0
286777,0,0,0,889.03,0,0
49087,0,0,0,889.08,0,0
1526966,0,0,0,889.22,0,0
1168806,1,0,0,889.31,-1,-1
1362471,1,1,1,889.39,0,0
1966413,1,1,1,889.57,0,0
2154380,1,1,1,889.62,0,0
1906621,0,0,0,889.78,0,0
1420653,0,0,0,889.87,0,0
1297543,0,0,0,889.9,0,0
1623942,1,1,1,889.93,0,0
1571756,1,1,1,891.0,0,0
75155,1,0,0,891.11,-1,-1
728397,0,0,0,891.11,0,0
1112992,0,0,0,891.34,0,0
1437083,1,0,0,891.38,-1,-1
1152282,1,0,0,891.38,-1,-1
1223315,1,0,0,891.38,-1,-1
1159024,1,0,0,891.38,-1,-1
1045771,0,0,0,891.49,0,0
1432713,0,0,0,891.52,0,0
160890,0,0,0,891.57,0,0
104314,1,0,0,891.6,-1,-1
363937,0,0,0,891.63,0,0
58251,0,0,0,891.63,0,0
315539,0,0,0,891.67,0,0
656168,0,0,0,891.92,0,0
766405,0,0,0,892.02,0,0
389677,1,1,1,892.1,0,0
1285239,1,1,1,895.07,0,0
1577254,1,1,1,895.08,0,0
916831,1,1,1,895.21,0,0
82720,1,1,1,895.37,0,0
2158243,1,1,1,895.44,0,0
2146928,1,1,1,895.44,0,0
183032,1,1,1,895.52,0,0
276644,1,1,1,895.93,0,0
2046496,1,1,1,896.07,0,0
1689907,1,1,1,897.16,0,0
550027,1,1,1,897.2,0,0
1330861,1,1,1,897.57,0,0
1234269,1,1,1,897.72,0,0
1978320,1,1,1,902.74,0,0
348709,1,1,1,902.86,0,0
1687952,1,1,1,903.19,0,0
2264249,1,1,1,903.49,0,0
2246175,1,1,1,903.57,0,0
1914266,1,1,1,904.05,0,0
699049,1,1,1,905.51,0,0
1084231,1,1,1,905.54,0,0
697100,1,1,1,905.61,0,0
2335912,1,1,1,905.7,0,0
1241251,1,1,1,906.54,0,0
892313,1,1,1,906.61,0,0
2305510,1,1,1,907.48,0,0
1630175,1,1,1,907.63,0,0
1295953,1,1,1,907.64,0,0
1709784,1,1,1,908.2,0,0
543995,1,1,1,908.35,0,0
1758622,1,1,1,908.73,0,0
1997050,1,1,1,908.74,0,0
290457,1,1,1,909.24,0,0
1786195,1,1,1,909.28,0,0
940604,1,1,1,910.29,0,0
2282255,1,1,1,911.29,0,0
1592200,1,1,1,911.8,0,0
952202,1,1,1,911.8,0,0
16676,1,1,1,911.81,0,0
590328,1,1,1,912.46,0,0
966867,1,1,1,912.5,0,0
324013,1,1,1,912.59,0,0
2245875,1,1,1,912.67,0,0
1252753,1,1,1,914.27,0,0
754750,1,1,1,918.87,0,0
1372196,1,1,1,919.0,0,0
1300776,1,1,1,919.18,0,0
2358767,1,1,1,922.09,0,0
1514307,1,1,1,922.28,0,0
450791,1,1,1,923.44,0,0
1554417,1,1,1,926.05,0,0
321616,1,1,1,927.06,0,0
1903508,1,1,1,929.45,0,0
963962,1,1,1,930.72,0,0
1253873,1,1,1,935.87,0,0
1310497,0,0,0,937.45,0,0
885709,1,0,0,937.46,-1,-1
964057,1,0,0,937.55,-1,-1
1050295,1,0,0,937.55,-1,-1
987003,1,0,0,937.58,-1,-1
571756,0,0,0,937.59,0,0
1102865,1,0,0,937.8,-1,-1
1659586,0,0,0,937.81,0,0
1113190,0,0,0,937.83,0,0
1602053,0,0,0,937.89,0,0
1441040,0,0,0,937.94,0,0
2113387,1,0,0,938.08,-1,-1
252507,0,0,0,938.12,0,0
1588742,1,1,1,938.17,0,0
174168,0,0,0,938.57,0,0
701676,1,0,1,939.56,-1,0
762363,1,0,1,939.61,-1,0
1005187,0,0,0,939.79,0,0
1620005,0,0,0,939.8,0,0
784677,1,0,1,939.98,-1,0
1244432,0,0,0,940.2,0,0
252707,0,0,0,940.4,0,0
1275567,1,0,0,940.67,-1,-1
931972,0,0,0,940.69,0,0
1376439,1,1,1,941.73,0,0
1700786,1,1,1,941.91,0,0
1663584,1,1,1,941.93,0,0
1507267,1,1,1,941.94,0,0
1313365,1,1,1,941.94,0,0
596112,1,1,1,942.47,0,0
873448,1,1,1,942.47,0,0
974815,1,1,1,942.49,0,0
932951,1,1,1,942.71,0,0
1595860,1,1,1,943.47,0,0
1706499,1,1,1,944.87,0,0
827964,1,1,1,946.21,0,0
2294848,1,1,1,946.26,0,0
2357444,1,1,1,946.4,0,0
931663,1,1,1,947.04,0,0
717023,1,1,1,947.05,0,0
1479177,0,0,0,947.68,0,0
293939,1,0,1,952.13,-1,0
1906296,1,0,0,952.25,-1,-1
1000857,1,1,1,952.25,0,0
822256,0,0,0,952.31,0,0
696401,0,0,0,952.39,0,0
766343,0,0,0,952.39,0,0
1355846,0,0,0,952.69,0,0
25679,0,0,0,952.99,0,0
291375,0,0,0,953.64,0,0
1918817,0,0,0,953.68,0,0
145040,0,0,0,953.71,0,0
1795569,1,1,1,954.46,0,0
2027637,1,1,1,954.74,0,0
1076706,1,1,1,956.02,0,0
1401855,1,1,1,957.11,0,0
487772,0,0,0,959.09,0,0
349586,1,0,0,959.09,-1,-1
1193150,0,0,0,959.34,0,0
1041456,0,0,0,959.34,0,0
1837332,0,0,0,959.55,0,0
617299,1,1,1,960.81,0,0
2244651,1,1,1,961.54,0,0
90139,1,1,1,961.56,0,0
1308566,1,1,1,963.07,0,0
167915,1,1,1,963.59,0,0
2042422,1,1,1,963.7,0,0
1217313,1,1,1,969.57,0,0
947378,1,1,1,970.44,0,0
1031281,1,1,1,971.4,0,0
2164447,1,1,1,971.75,0,0
2170062,1,1,1,971.76,0,0
1739803,1,1,1,975.68,0,0
961293,1,1,1,976.3,0,0
1111339,1,1,1,976.36,0,0
2061456,1,1,1,978.04,0,0
914833,1,1,1,978.31,0,0
1914781,1,1,1,978.71,0,0
2051340,1,1,1,979.9,0,0
660672,1,0,0,980.18,-1,-1
1196669,0,0,0,980.26,0,0
1304956,1,1,1,980.29,0,0
144769,0,0,0,980.38,0,0
292330,0,0,0,980.45,0,0
596319,0,0,0,980.71,0,0
434725,0,0,0,980.72,0,0
191796,0,0,0,980.76,0,0
438286,0,0,0,981.04,0,0
46308,0,0,0,981.25,0,0
132722,0,0,0,981.28,0,0
1476007,0,0,0,981.53,0,0
125208,0,0,0,985.93,0,0
427976,0,0,0,986.03,0,0
920675,0,0,0,986.21,0,0
1381014,0,0,0,986.32,0,0
1227814,0,0,0,986.38,0,0
2022603,1,0,0,986.92,-1,-1
1465169,0,0,0,986.93,0,0
1888183,0,0,0,987.02,0,0
838603,1,0,0,987.08,-1,-1
625169,0,0,0,987.1,0,0
505811,0,0,0,987.12,0,0
403151,1,0,0,987.22,-1,-1
656754,1,0,0,987.23,-1,-1
995227,0,0,0,987.33,0,0
1311531,1,0,0,987.43,-1,-1
1591431,0,0,0,987.5,0,0
1520808,0,0,0,987.57,0,0
121733,0,0,0,987.66,0,0
508848,0,0,0,987.7,0,0
1955403,0,0,0,987.88,0,0
1098200,1,0,0,987.98,-1,-1
1473355,0,0,0,987.99,0,0
1529764,0,0,0,988.18,0,0
670286,0,0,0,988.9,0,0
396549,0,0,0,988.93,0,0
352301,0,0,0,989.0,0,0
114384,0,0,0,989.01,0,0
1971086,1,0,0,989.08,-1,-1
1895280,0,0,0,989.08,0,0
1923419,0,0,0,989.13,0,0
1227853,0,0,0,989.25,0,0
1365704,0,0,0,989.34,0,0
94249,1,0,0,989.43,-1,-1
163741,0,0,0,989.53,0,0
1075576,1,0,0,989.73,-1,-1
1249864,0,0,0,989.77,0,0
1336997,0,0,0,989.8,0,0
1489414,0,0,0,989.82,0,0
1175913,0,0,0,989.92,0,0
735272,0,0,0,989.93,0,0
1629168,0,0,0,990.24,0,0
509804,0,0,0,990.29,0,0
647111,0,0,0,990.43,0,0
1997419,0,0,0,990.48,0,0
1949245,0,0,0,990.6,0,0
1755612,0,0,0,990.68,0,0
1219899,0,0,0,990.78,0,0
1374532,0,0,0,991.2,0,0
1773213,0,0,0,991.3,0,0
1370492,0,0,0,991.35,0,0
1590231,0,0,0,991.36,0,0
186376,1,0,0,991.51,-1,-1
1692038,0,0,0,991.67,0,0
1616720,0,0,0,991.68,0,0
953827,0,0,0,991.85,0,0
1809874,0,0,0,992.08,0,0
933760,0,0,0,992.33,0,0
953024,0,0,0,992.36,0,0
697262,0,0,0,992.38,0,0
851036,0,0,0,992.38,0,0
1026522,0,0,0,992.42,0,0
1855335,0,0,0,992.57,0,0
1513234,0,0,0,992.6,0,0
1415163,0,0,0,992.67,0,0
762691,0,0,0,993.12,0,0
1841833,0,0,0,993.18,0,0
721647,0,0,0,993.75,0,0
1996327,0,0,0,993.82,0,0
1938927,0,0,0,993.82,0,0
1822076,0,0,0,994.02,0,0
1325912,0,0,0,994.09,0,0
1634309,0,0,0,994.13,0,0
1061196,0,0,0,994.14,0,0
1317511,0,0,0,994.81,0,0
366347,0,0,0,995.55,0,0
1813633,0,0,0,995.77,0,0
1809989,0,0,0,995.78,0,0
2151909,1,0,1,996.09,-1,0
2284641,1,0,0,996.11,-1,-1
1221385,0,0,0,996.74,0,0
1239491,1,0,0,996.75,-1,-1
1166226,1,0,0,996.75,-1,-1
1510688,0,0,0,996.82,0,0
439321,0,0,0,996.91,0,0
1035851,0,0,0,997.28,0,0
809088,0,0,0,997.28,0,0
1352386,0,0,0,997.4,0,0
1946007,0,0,0,997.61,0,0
1964193,0,0,0,997.64,0,0
2213594,1,0,0,997.67,-1,-1
1831972,0,0,0,997.72,0,0
845440,0,0,0,997.88,0,0
1012627,0,0,0,997.92,0,0
928697,0,0,0,997.94,0,0
929308,0,0,0,998.02,0,0
377083,0,0,0,998.06,0,0
661625,0,0,0,998.08,0,0
421350,0,0,0,998.11,0,0
1913613,0,0,0,998.23,0,0
1361806,0,0,0,998.25,0,0
1701583,0,0,0,998.3,0,0
1842230,0,0,0,998.36,0,0
1399232,0,0,1,1002.42,0,1
674754,0,0,0,1003.15,0,0
981048,0,0,0,1003.18,0,0
12428,1,0,0,1003.19,-1,-1
383961,0,0,0,1003.2,0,0
2024944,1,0,1,1003.71,-1,0
1880184,0,0,0,1003.71,0,0
1019125,0,0,0,1003.74,0,0
372659,0,0,0,1003.92,0,0
736718,0,0,0,1003.93,0,0
491207,1,0,0,1003.98,-1,-1
828137,0,0,0,1004.02,0,0
1740794,0,0,0,1004.02,0,0
1768342,0,0,0,1004.13,0,0
1687756,0,0,0,1004.15,0,0
1966615,0,0,0,1004.23,0,0
1326720,0,0,0,1004.24,0,0
1558567,1,0,0,1004.27,-1,-1
529775,0,0,0,1004.31,0,0
1058327,0,0,0,1004.33,0,0
715743,0,0,0,1004.38,0,0
1705134,0,0,0,1004.42,0,0
86829,0,0,0,1004.64,0,0
279129,0,0,0,1004.76,0,0
1046967,0,0,0,1004.78,0,0
1588307,1,0,0,1004.81,-1,-1
1493182,0,0,0,1005.09,0,0
1126372,0,0,0,1005.3,0,0
914044,0,0,0,1005.82,0,0
841387,0,0,0,1005.83,0,0
1054579,0,0,0,1005.85,0,0
284252,0,0,0,1005.87,0,0
974683,0,0,0,1005.88,0,0
678734,0,0,0,1005.88,0,0
833051,0,0,0,1005.89,0,0
883909,1,0,0,1005.95,-1,-1
726818,1,0,0,1005.95,-1,-1
1465124,0,0,0,1006.01,0,0
1518848,0,0,0,1006.12,0,0
1770866,0,0,0,1006.18,0,0
695876,0,0,0,1006.29,0,0
455452,0,0,0,1006.34,0,0
597434,0,0,0,1006.35,0,0
491287,0,0,0,1006.69,0,0
1607721,0,0,0,1006.77,0,0
1489311,0,0,0,1006.79,0,0
1331906,1,0,0,1006.82,-1,-1
128933,1,0,0,1006.99,-1,-1
1751978,1,0,0,1007.04,-1,-1
1987281,0,0,0,1007.05,0,0
1974241,1,0,1,1007.07,-1,0
1939785,0,0,0,1007.14,0,0
765847,0,0,0,1007.33,0,0
23900,0,0,0,1007.43,0,0
1522550,0,0,0,1007.46,0,0
1949030,0,0,0,1007.52,0,0
1833265,0,0,0,1007.64,0,0
777644,0,0,0,1007.79,0,0
1917665,0,0,0,1008.3,0,0
1791365,0,0,0,1008.39,0,0
253287,0,0,0,1008.57,0,0
485561,0,0,0,1008.58,0,0
587687,0,0,0,1008.63,0,0
151004,0,0,0,1008.66,0,0
1422817,0,0,0,1008.71,0,0
1033614,0,0,0,1008.81,0,0
911378,0,0,0,1008.83,0,0
327726,0,0,0,1009.08,0,0
13461,0,0,0,1009.3,0,0
846908,0,0,0,1009.48,0,0
1084736,1,0,1,1009.51,-1,0
1094708,0,0,0,1009.53,0,0
514297,0,0,0,1009.61,0,0
1529502,0,0,0,1009.91,0,0
1864897,0,0,0,1010.0,0,0
854738,0,0,0,1010.07,0,0
883004,0,0,0,1010.09,0,0
663680,0,0,0,1010.41,0,0
364745,0,0,0,1010.5,0,0
1887451,0,0,0,1010.53,0,0
1151222,0,0,0,1010.58,0,0
1193453,0,0,0,1010.66,0,0
532021,0,0,0,1011.09,0,0
1343323,0,0,0,1011.2,0,0
111641,0,0,0,1011.22,0,0
1512980,0,0,0,1011.34,0,0
840834,0,0,0,1011.5,0,0
94317,0,0,0,1011.57,0,0
1084266,0,0,0,1011.65,0,0
1341885,0,0,0,1012.06,0,0
1092710,0,0,0,1012.11,0,0
1014676,0,0,0,1012.12,0,0
1156843,0,0,0,1012.25,0,0
1287254,0,0,0,1012.47,0,0
345586,0,0,0,1012.57,0,0
1589473,1,0,0,1013.19,-1,-1
109232,0,0,0,1013.27,0,0
833441,0,0,0,1013.6,0,0
2174744,1,0,0,1013.64,-1,-1
381268,0,0,0,1013.85,0,0
679614,0,0,0,1013.86,0,0
1780128,0,0,0,1014.0,0,0
1823623,0,0,0,1014.11,0,0
334349,0,0,0,1014.13,0,0
1401307,0,0,0,1014.23,0,0
1170219,0,0,0,1014.5,0,0
1735669,0,0,0,1014.6,0,0
1698643,0,0,0,1014.85,0,0
327783,1,0,1,1019.44,-1,0
175640,0,0,0,1019.52,0,0
1244892,0,0,0,1019.6,0,0
1345534,0,0,0,1020.14,0,0
1537269,0,0,0,1020.15,0,0
1169229,0,0,0,1020.16,0,0
1527310,0,0,0,1020.22,0,0
1381453,0,0,0,1020.23,0,0
1360241,1,0,0,1020.25,-1,-1
82451,0,0,0,1020.26,0,0
261727,0,0,0,1020.44,0,0
1751366,0,0,0,1020.79,0,0
434783,1,0,1,1021.44,-1,0
738943,0,0,0,1021.45,0,0
218327,0,0,0,1021.54,0,0
343220,0,0,0,1021.54,0,0
501805,0,0,0,1021.62,0,0
1374733,1,0,0,1022.02,-1,-1
1167342,0,0,0,1022.02,0,0
1571454,0,0,0,1022.12,0,0
1460231,0,0,0,1022.17,0,0
1298678,0,0,0,1022.21,0,0
1264485,0,0,0,1022.34,0,0
1545461,0,0,0,1024.26,0,0
1737941,0,0,0,1024.92,0,0
1897678,0,0,0,1025.03,0,0
1034920,0,0,0,1026.56,0,0
1890570,0,0,0,1026.79,0,0
1242381,1,0,0,1026.89,-1,-1
1246758,0,0,0,1026.9,0,0
1054977,0,0,0,1026.97,0,0
1440486,0,0,0,1028.21,0,0
200958,0,0,1,1028.26,0,1
1420990,0,0,0,1028.35,0,0
904417,0,0,0,1028.41,0,0
1056847,0,0,0,1028.42,0,0
538823,0,0,0,1028.43,0,0
1807888,0,0,0,1028.49,0,0
1630236,1,0,1,1028.73,-1,0
621366,0,0,0,1028.88,0,0
409971,0,0,0,1029.07,0,0
464574,0,0,0,1029.29,0,0
566337,0,0,0,1029.36,0,0
440868,0,0,0,1029.45,0,0
1659100,1,0,0,1030.69,-1,-1
724213,0,0,0,1030.74,0,0
894824,0,0,0,1030.78,0,0
679300,1,0,0,1031.07,-1,-1
672058,0,0,0,1031.08,0,0
591114,1,0,0,1031.08,-1,-1
1259593,0,0,0,1031.32,0,0
1168638,0,0,0,1031.36,0,0
1546845,0,0,0,1031.54,0,0
1604543,0,0,0,1031.54,0,0
1152126,1,0,0,1031.67,-1,-1
1906921,0,0,0,1031.69,0,0
374780,0,0,0,1031.84,0,0
985492,0,0,0,1036.22,0,0
652200,0,0,0,1036.43,0,0
823691,0,0,0,1036.43,0,0
1734866,0,0,0,1036.74,0,0
1827352,0,0,0,1037.53,0,0
1466186,0,0,0,1037.64,0,0
137899,0,0,0,1037.73,0,0
1370366,0,0,0,1037.8,0,0
1717043,0,0,0,1037.85,0,0
1319588,0,0,0,1037.9,0,0
1152846,0,0,0,1037.96,0,0
1515946,0,0,0,1037.97,0,0
877351,1,0,0,1037.99,-1,-1
1077057,1,0,0,1038.47,-1,-1
799426,1,0,0,1038.49,-1,-1
730915,0,0,0,1038.57,0,0
1600332,0,0,0,1038.59,0,0
533970,0,0,0,1038.6,0,0
1499650,0,0,0,1038.7,0,0
1524822,0,0,0,1038.75,0,0
1607748,0,0,0,1038.82,0,0
1531247,0,0,0,1038.82,0,0
779805,0,0,0,1038.95,0,0
948349,0,0,0,1040.11,0,0
571498,1,0,0,1040.21,-1,-1
543733,0,0,0,1040.23,0,0
1138535,0,0,0,1040.29,0,0
723863,0,0,0,1040.3,0,0
435803,0,0,0,1040.34,0,0
887871,0,0,0,1040.4,0,0
381151,0,0,0,1040.41,0,0
1705900,0,0,0,1040.57,0,0
1800180,0,0,0,1040.6,0,0
1430748,0,0,0,1040.65,0,0
366474,0,0,0,1040.9,0,0
88892,0,0,0,1041.08,0,0
1573557,0,0,0,1042.53,0,0
459401,0,0,0,1042.54,0,0
864335,0,0,0,1042.56,0,0
207265,0,0,0,1043.2,0,0
1260168,0,0,0,1043.28,0,0
1672733,0,0,0,1043.42,0,0
1330102,0,0,0,1043.43,0,0
1733670,0,0,0,1045.58,0,0
1845551,0,0,0,1045.62,0,0
729914,0,0,0,1045.8,0,0
1993813,0,0,0,1046.11,0,0
1943098,0,0,0,1046.14,0,0
1933498,0,0,0,1046.36,0,0
942371,0,0,0,1046.41,0,0
1389047,0,0,0,1046.47,0,0
185833,0,0,0,1048.19,0,0
993833,0,0,0,1048.4,0,0
1021893,0,0,0,1048.43,0,0
502535,0,0,0,1048.45,0,0
1205906,0,0,0,1048.47,0,0
1105402,0,0,0,1048.53,0,0
1413821,0,0,0,1048.65,0,0
554119,0,0,0,1053.38,0,0
1436364,0,1,0,1053.56,1,0
1210782,0,0,0,1053.7,0,0
120301,0,0,0,1053.78,0,0
777416,0,0,0,1055.14,0,0
385147,0,0,0,1055.21,0,0
451960,0,0,0,1055.26,0,0
638135,0,0,0,1055.35,0,0
1390857,0,0,0,1055.36,0,0
1320960,0,0,0,1055.46,0,0
1461107,0,0,0,1055.87,0,0
1316284,0,0,0,1055.92,0,0
1319736,0,0,0,1055.93,0,0
1127440,0,0,0,1055.99,0,0
222854,0,0,0,1056.19,0,0
1944839,0,0,0,1056.24,0,0
583687,0,0,0,1056.26,0,0
1654468,0,0,0,1057.27,0,0
580055,0,0,0,1057.5,0,0
1984748,0,0,0,1057.54,0,0
1978351,0,0,0,1057.61,0,0
546550,0,0,0,1057.63,0,0
1620590,0,0,0,1057.67,0,0
1075232,0,0,0,1057.74,0,0
371038,0,0,0,1057.82,0,0
531954,0,0,0,1057.92,0,0
329556,0,0,0,1058.19,0,0
1091990,1,0,0,1058.3,-1,-1
1251663,0,0,0,1058.63,0,0
1832308,0,0,0,1058.63,0,0
432175,0,0,0,1059.31,0,0
1221762,0,0,0,1059.47,0,0
56472,0,0,0,1059.57,0,0
237569,0,0,0,1059.61,0,0
360367,0,0,0,1060.05,0,0
238338,0,0,0,1060.11,0,0
1306792,0,0,0,1060.46,0,0
920826,0,0,0,1060.6,0,0
1500841,0,0,0,1060.74,0,0
1934054,0,0,0,1060.75,0,0
513215,0,0,0,1060.84,0,0
1072692,0,0,0,1060.86,0,0
2050032,1,0,0,1060.88,-1,-1
1968553,0,0,0,1060.88,0,0
1086284,0,0,0,1060.89,0,0
110382,0,0,0,1061.66,0,0
778852,0,0,0,1061.94,0,0
1092752,0,0,0,1061.94,0,0
951572,0,0,0,1061.95,0,0
538260,0,0,0,1061.99,0,0
405247,0,0,0,1061.99,0,0
934249,0,0,0,1062.03,0,0
357687,0,0,0,1062.33,0,0
464924,0,0,0,1062.58,0,0
1682928,0,0,0,1062.73,0,0
1936660,0,0,0,1062.73,0,0
1352464,0,0,0,1062.85,0,0
357623,0,0,0,1062.92,0,0
1342292,0,0,0,1063.01,0,0
259550,0,0,0,1063.02,0,0
844855,0,0,0,1064.14,0,0
1325779,0,0,0,1064.57,0,0
1409662,0,0,0,1064.59,0,0
317477,0,0,0,1064.75,0,0
1287640,0,0,0,1065.27,0,0
1428698,0,0,0,1065.3,0,0
503252,0,0,0,1065.48,0,0
183721,0,0,0,1065.57,0,0
299574,1,0,0,1065.61,-1,-1
695482,0,0,0,1070.17,0,0
630234,0,0,0,1070.34,0,0
1110661,0,0,0,1070.38,0,0
1813641,0,0,0,1070.4,0,0
2067895,1,0,0,1070.57,-1,-1
322609,0,0,0,1070.91,0,0
1216206,0,0,0,1071.73,0,0
1499374,0,0,0,1071.76,0,0
2346379,1,0,0,1071.97,-1,-1
58977,0,0,0,1071.97,0,0
241772,0,0,0,1072.01,0,0
1136349,0,0,0,1072.37,0,0
1003103,0,0,0,1072.66,0,0
707861,0,0,0,1072.67,0,0
1793975,0,0,0,1073.58,0,0
1247350,1,0,0,1073.67,-1,-1
1472080,0,0,0,1073.71,0,0
1443096,0,0,0,1073.74,0,0
1498090,0,0,0,1073.75,0,0
400732,1,0,0,1073.79,-1,-1
61577,0,0,0,1073.8,0,0
1988155,0,0,0,1073.92,0,0
685099,0,0,0,1074.14,0,0
585829,1,0,0,1074.15,-1,-1
646408,0,0,0,1074.27,0,0
1784257,0,0,0,1074.29,0,0
1622551,0,0,0,1074.41,0,0
1407035,0,0,0,1074.49,0,0
1873472,0,0,0,1074.68,0,0
1942209,0,0,0,1074.69,0,0
1760697,0,0,0,1074.74,0,0
1970627,1,0,0,1074.79,-1,-1
1502670,0,0,0,1075.03,0,0
293843,0,0,0,1075.85,0,0
2334448,1,0,0,1075.88,-1,-1
333535,1,0,0,1075.9,-1,-1
263200,0,0,0,1075.9,0,0
1741396,0,0,0,1076.43,0,0
1551577,0,0,0,1076.45,0,0
1811752,1,0,0,1076.49,-1,-1
1982641,0,0,0,1076.52,0,0
1790234,0,0,0,1076.56,0,0
1023829,0,0,0,1076.62,0,0
768581,0,0,0,1076.65,0,0
272106,0,0,0,1076.74,0,0
248562,0,0,0,1076.83,0,0
1835443,0,0,0,1076.92,0,0
732823,0,0,0,1078.3,0,0
1945461,0,0,0,1078.31,0,0
1870485,0,0,0,1078.32,0,0
1688486,0,0,0,1078.52,0,0
21970,0,0,0,1079.17,0,0
1420936,0,0,0,1079.21,0,0
1351444,0,0,0,1079.21,0,0
1062756,0,0,0,1079.42,0,0
1558943,0,0,0,1079.5,0,0
329652,0,0,0,1079.79,0,0
239249,0,0,0,1079.84,0,0
1849174,0,0,0,1080.85,0,0
1820098,0,0,0,1080.93,0,0
152705,0,0,0,1081.09,0,0
941323,0,0,0,1081.13,0,0
1224002,0,0,0,1081.25,0,0
352020,0,0,0,1081.26,0,0
400790,0,0,0,1081.64,0,0
1543045,0,0,0,1081.83,0,0
227303,0,0,0,1081.84,0,0
108326,0,0,0,1082.02,0,0
109635,0,0,0,1082.22,0,0
498478,0,0,0,1082.23,0,0
1782338,0,0,0,1086.73,0,0
1933318,0,0,0,1086.9,0,0
1254722,0,0,0,1086.96,0,0
1467043,0,0,0,1086.97,0,0
155503,0,0,0,1087.05,0,0
519752,0,0,0,1087.11,0,0
888715,0,0,0,1087.12,0,0
44446,0,0,0,1088.06,0,0
1135056,0,0,0,1088.28,0,0
587533,0,0,0,1088.31,0,0
1809605,0,0,0,1088.31,0,0
823058,0,0,0,1088.58,0,0
550278,0,0,0,1088.92,0,0
677105,0,0,0,1088.95,0,0
440777,0,0,0,1089.0,0,0
1754355,0,0,0,1089.22,0,0
1318581,1,0,0,1089.29,-1,-1
1589982,0,0,0,1089.29,0,0
1501429,0,0,0,1089.36,0,0
523879,0,0,0,1089.37,0,0
14230,0,0,0,1089.44,0,0
1673422,0,0,0,1089.52,0,0
392663,0,0,0,1090.25,0,0
31256,0,0,0,1090.32,0,0
1173787,0,0,0,1090.5,0,0
1282224,1,0,0,1090.52,-1,-1
774571,0,0,0,1090.54,0,0
820020,0,0,0,1090.55,0,0
769355,0,0,0,1090.68,0,0
1730414,0,0,0,1090.83,0,0
1472331,0,0,0,1090.93,0,0
1913973,0,0,0,1090.95,0,0
697759,0,0,0,1091.16,0,0
1236880,1,1,1,1093.07,0,0
60121,1,1,1,1096.22,0,0
132666,1,1,1,1104.5,0,0
2248066,1,1,1,1107.14,0,0
1538422,1,1,1,1107.26,0,0
331985,1,1,1,1112.91,0,0
1864754,1,1,1,1113.04,0,0
886874,1,1,1,1120.71,0,0
2121811,1,1,1,1120.9,0,0
1906804,0,0,0,1122.76,0,0
967365,0,0,0,1123.83,0,0
1981670,0,0,0,1124.11,0,0
1048368,0,0,0,1124.23,0,0
983133,0,0,0,1124.23,0,0
1116682,0,0,0,1124.3,0,0
865501,0,0,0,1124.34,0,0
1102199,0,0,0,1124.36,0,0
1551152,0,0,0,1124.37,0,0
266801,0,0,0,1124.41,0,0
437153,0,0,0,1124.43,0,0
1750204,0,0,0,1124.58,0,0
1753216,0,0,0,1124.58,0,0
1598930,0,0,0,1124.68,0,0
1404702,0,0,0,1124.69,0,0
83804,0,0,0,1124.78,0,0
1990373,0,0,0,1125.11,0,0
1903450,0,0,0,1125.17,0,0
1214067,0,0,0,1125.2,0,0
1575861,0,0,0,1125.21,0,0
1398356,0,0,0,1125.23,0,0
836836,0,0,0,1125.36,0,0
1286025,0,0,0,1126.02,0,0
1758985,0,0,0,1126.2,0,0
972267,0,0,0,1126.38,0,0
716868,0,0,0,1126.45,0,0
816609,0,0,0,1126.52,0,0
578337,0,0,0,1126.53,0,0
654368,0,0,0,1126.65,0,0
1567625,0,0,0,1126.83,0,0
117533,0,0,0,1126.88,0,0
561590,0,0,0,1126.9,0,0
506464,0,0,0,1127.01,0,0
121031,0,0,0,1127.07,0,0
1545418,0,0,0,1127.15,0,0
1103496,0,0,0,1127.23,0,0
428648,0,0,0,1128.61,0,0
1499617,0,0,0,1128.82,0,0
1807535,0,0,0,1128.97,0,0
173542,0,0,0,1129.06,0,0
555868,1,0,0,1129.07,-1,-1
1968280,0,0,0,1129.44,0,0
1018942,0,0,0,1129.5,0,0
853783,0,0,0,1129.55,0,0
1635636,0,0,0,1129.71,0,0
1352780,0,0,0,1140.3,0,0
1771497,0,0,0,1141.11,0,0
1986255,0,0,0,1141.17,0,0
1857766,0,0,0,1141.21,0,0
1824311,0,0,0,1141.24,0,0
1569154,0,0,0,1141.29,0,0
1673754,0,0,0,1141.31,0,0
1819599,0,0,0,1141.35,0,0
530529,0,0,0,1141.45,0,0
562682,0,0,0,1141.47,0,0
384289,0,0,0,1141.53,0,0
544474,0,0,0,1141.63,0,0
913901,1,1,1,1146.27,0,0
252664,0,0,0,1147.96,0,0
23093,0,0,0,1148.0,0,0
174136,0,0,0,1148.28,0,0
543016,0,0,0,1148.32,0,0
936418,0,0,0,1148.47,0,0
1813326,0,0,0,1148.61,0,0
724539,1,1,1,1153.87,0,0
1141970,1,1,1,1154.09,0,0
1905456,1,1,1,1154.27,0,0
2034252,1,1,1,1155.32,0,0
1311083,1,1,1,1156.0,0,0
260488,1,1,1,1158.21,0,0
774922,0,0,0,1159.78,0,0
927374,0,0,0,1159.81,0,0
1104531,0,0,0,1159.85,0,0
767370,0,0,0,1159.95,0,0
326229,0,0,0,1159.95,0,0
426970,0,0,0,1160.1,0,0
1533821,0,0,0,1160.23,0,0
917744,0,0,0,1160.34,0,0
1459805,0,0,0,1160.4,0,0
172353,0,0,0,1160.48,0,0
1090871,0,0,0,1160.67,0,0
1455835,1,1,1,1161.09,0,0
1305365,0,0,0,1164.54,0,0
613698,0,0,0,1164.64,0,0
745479,0,0,0,1164.76,0,0
100329,0,0,0,1165.11,0,0
364598,0,0,0,1165.18,0,0
1515370,0,0,1,1165.5,0,1
775000,0,0,0,1166.1,0,0
1666319,0,0,0,1166.33,0,0
902902,0,0,0,1172.0,0,0
1546381,0,0,0,1172.0,0,0
751904,0,0,0,1172.01,0,0
598629,0,0,0,1172.02,0,0
1347888,0,0,0,1172.05,0,0
1943642,0,0,0,1172.07,0,0
1419168,0,0,0,1172.15,0,0
1355511,0,0,0,1172.19,0,0
1473913,0,0,0,1172.46,0,0
397818,0,0,0,1172.58,0,0
1481848,0,0,0,1172.58,0,0
345279,0,0,0,1172.78,0,0
405251,0,0,0,1172.78,0,0
1588352,0,0,0,1172.9,0,0
1510003,0,0,0,1173.11,0,0
1813104,0,0,0,1173.12,0,0
1689059,0,0,0,1173.15,0,0
292392,1,0,0,1173.32,-1,-1
528699,1,0,0,1173.34,-1,-1
1997977,1,0,0,1173.35,-1,-1
313596,0,0,0,1174.38,0,0
1554389,0,0,0,1174.66,0,0
293332,0,0,0,1174.81,0,0
781574,0,0,0,1175.09,0,0
589696,0,0,0,1175.14,0,0
984447,0,0,0,1175.23,0,0
1003089,0,0,0,1175.31,0,0
648923,0,0,0,1175.35,0,0
32996,0,0,0,1175.52,0,0
52848,0,0,0,1175.57,0,0
5578,0,0,0,1175.73,0,0
939225,0,0,0,1176.58,0,0
750427,0,0,0,1176.6,0,0
1054966,0,0,0,1176.61,0,0
300170,0,0,0,1176.71,0,0
319476,0,0,0,1176.74,0,0
1517459,0,0,0,1176.87,0,0
1366784,0,0,0,1176.88,0,0
1334663,0,0,0,1176.93,0,0
1442015,1,0,0,1177.1,-1,-1
446001,0,0,0,1177.12,0,0
114037,0,0,0,1177.23,0,0
185428,0,0,0,1177.43,0,0
663883,0,0,0,1177.74,0,0
461707,0,0,0,1177.76,0,0
1432471,0,0,0,1177.94,0,0
946568,1,0,0,1177.94,-1,-1
409940,0,0,0,1179.3,0,0
255947,0,0,0,1179.53,0,0
954446,0,0,0,1179.6,0,0
20786,0,0,0,1179.86,0,0
47072,0,0,0,1179.93,0,0
1892494,0,0,0,1180.03,0,0
1992417,1,0,0,1180.41,-1,-1
1804875,0,0,0,1180.42,0,0
1701153,0,0,0,1180.63,0,0
1899622,0,0,0,1180.73,0,0
1921685,0,0,0,1180.79,0,0
871586,0,0,0,1180.9,0,0
1766105,0,0,0,1180.92,0,0
698976,0,0,0,1181.98,0,0
930443,0,0,0,1181.99,0,0
1309383,0,0,0,1182.0,0,0
949821,1,0,1,1182.09,-1,0
716475,1,0,1,1182.1,-1,0
1984436,0,0,0,1182.32,0,0
554152,0,0,0,1182.59,0,0
254824,0,0,0,1182.7,0,0
314736,0,0,0,1182.78,0,0
420978,0,0,0,1182.82,0,0
1010993,0,0,0,1182.88,0,0
1278365,0,0,0,1182.91,0,0
897070,0,0,0,1182.99,0,0
451257,0,0,0,1183.2,0,0
518300,0,0,0,1183.2,0,0
904593,0,0,0,1183.22,0,0
197912,0,0,0,1187.54,0,0
340087,0,0,0,1187.9,0,0
1382563,0,0,0,1187.96,0,0
1835202,0,0,0,1188.08,0,0
1766057,0,0,0,1188.51,0,0
1565966,0,0,0,1188.63,0,0
1317140,1,0,0,1188.72,-1,-1
1456163,0,0,0,1188.83,0,0
1798119,1,0,0,1188.98,-1,-1
1903705,1,0,0,1189.12,-1,-1
898208,0,0,0,1189.32,0,0
953525,0,0,0,1189.39,0,0
889140,0,0,0,1189.5,0,0
1807291,0,0,0,1189.58,0,0
39343,0,0,0,1189.62,0,0
1499463,0,0,0,1189.82,0,0
1813908,0,0,0,1190.9,0,0
97935,0,0,0,1191.22,0,0
637697,0,0,0,1191.41,0,0
1616408,0,0,0,1191.49,0,0
494184,0,0,0,1191.92,0,0
289769,0,0,0,1192.2,0,0
592833,0,0,0,1192.24,0,0
193447,0,0,0,1192.31,0,0
164076,0,0,0,1192.35,0,0
1340434,0,0,0,1192.59,0,0
1173018,0,0,0,1192.63,0,0
1514721,0,0,0,1193.5,0,0
181390,1,0,1,1193.6,-1,0
1941981,0,0,0,1193.68,0,0
1352382,0,0,0,1193.76,0,0
102286,0,0,0,1194.12,0,0
1608762,0,0,0,1194.17,0,0
1272970,0,0,0,1194.19,0,0
1514521,0,0,0,1194.22,0,0
1586201,0,0,0,1194.66,0,0
1411993,0,0,0,1194.77,0,0
838049,0,0,0,1194.78,0,0
1359208,0,0,0,1194.86,0,0
312671,0,0,0,1194.98,0,0
1484044,0,0,0,1195.84,0,0
263258,0,0,0,1195.97,0,0
456731,0,0,0,1196.06,0,0
143165,0,0,0,1196.1,0,0
1340150,0,0,0,1196.7,0,0
1158597,0,0,0,1196.81,0,0
576177,0,0,0,1196.87,0,0
1937975,0,0,0,1197.32,0,0
936967,0,0,0,1197.39,0,0
1934788,0,0,0,1198.09,0,0
222618,0,0,0,1198.1,0,0
1788380,0,0,0,1198.45,0,0
1217492,0,0,0,1198.65,0,0
2043178,1,0,1,1198.79,-1,0
748397,0,0,0,1199.04,0,0
255664,0,0,0,1199.16,0,0
631690,0,0,0,1199.17,0,0
783983,0,0,0,1199.17,0,0
729900,0,0,0,1199.19,0,0
1369958,0,0,0,1199.44,0,0
1089205,0,0,0,1199.73,0,0
240504,0,0,0,1199.97,0,0
1757436,0,0,0,1199.98,0,0
1969870,1,0,0,1204.33,-1,-1
1678963,1,0,0,1204.33,-1,-1
492084,0,0,0,1204.61,0,0
1399971,0,0,0,1204.7,0,0
1119427,0,0,0,1204.78,0,0
1304065,0,0,0,1204.82,0,0
1829572,0,0,0,1204.92,0,0
1478976,0,0,0,1204.93,0,0
14283,0,0,0,1205.14,0,0
660642,1,0,0,1205.26,-1,-1
23050,0,0,0,1205.42,0,0
504221,0,0,0,1205.44,0,0
261370,1,0,0,1205.51,-1,-1
134232,0,0,0,1205.54,0,0
626953,0,0,0,1205.63,0,0
1133832,0,0,0,1206.16,0,0
1142871,0,0,0,1206.66,0,0
1122765,0,0,0,1206.71,0,0
690083,0,0,0,1206.73,0,0
907834,0,0,0,1207.15,0,0
659142,0,0,0,1207.45,0,0
1577415,1,0,0,1208.13,-1,-1
1523383,0,0,0,1208.17,0,0
480508,0,0,0,1208.42,0,0
60954,1,0,0,1208.57,-1,-1
222090,0,0,0,1208.61,0,0
663667,0,0,0,1208.75,0,0
204177,0,0,0,1208.86,0,0
1923144,0,0,0,1208.93,0,0
1989092,1,0,1,1209.24,-1,0
1689186,1,0,1,1209.31,-1,0
1923350,0,0,0,1209.31,0,0
401366,0,0,0,1209.34,0,0
338640,0,0,0,1209.45,0,0
799006,0,0,0,1209.47,0,0
661111,1,0,0,1209.5,-1,-1
773331,0,0,0,1209.53,0,0
562307,1,0,1,1211.13,-1,0
369432,1,1,1,1211.22,0,0
1862745,1,1,1,1212.87,0,0
1572181,1,1,1,1214.09,0,0
1663316,1,1,1,1215.88,0,0
133284,1,1,1,1216.11,0,0
1403192,1,1,1,1216.18,0,0
2084949,1,1,1,1216.42,0,0
166214,1,1,1,1216.46,0,0
1942661,0,0,0,1221.29,0,0
1708723,0,0,0,1221.44,0,0
943942,0,0,0,1221.46,0,0
638104,0,0,0,1221.67,0,0
1745989,0,0,0,1222.24,0,0
733929,0,0,0,1222.41,0,0
890509,0,0,0,1223.37,0,0
1489474,1,1,1,1224.5,0,0
137355,0,0,0,1224.6,0,0
953292,0,0,0,1224.86,0,0
1753921,0,0,0,1225.73,0,0
1778699,0,0,0,1225.87,0,0
1995151,0,0,0,1225.99,0,0
843139,0,0,0,1226.65,0,0
970389,0,0,0,1226.87,0,0
422183,0,0,0,1237.7,0,0
1619808,1,1,1,1238.38,0,0
974777,1,1,1,1238.59,0,0
1189654,1,1,1,1249.04,0,0
1047495,1,1,1,1249.71,0,0
1155872,1,1,1,1259.05,0,0
2102937,1,1,1,1259.29,0,0
2059116,1,1,1,1259.54,0,0
1150898,1,1,1,1259.81,0,0
139234,0,0,0,1262.04,0,0
1215925,0,0,0,1262.07,0,0
1243456,0,0,0,1262.14,0,0
776191,0,0,0,1263.16,0,0
604345,0,0,0,1263.23,0,0
1530008,0,0,0,1263.48,0,0
1609763,0,0,0,1264.09,0,0
1493886,0,0,0,1264.21,0,0
1485703,0,0,0,1264.23,0,0
1794347,0,0,0,1264.24,0,0
1078268,0,0,0,1264.39,0,0
1829225,0,0,0,1266.11,0,0
288172,0,0,0,1266.18,0,0
446638,0,0,0,1266.18,0,0
1598602,0,0,0,1266.6,0,0
1012182,1,1,1,1267.08,0,0
1724075,0,0,0,1271.64,0,0
1829495,0,0,0,1271.9,0,0
1811793,0,0,0,1272.1,0,0
1678010,0,0,0,1272.11,0,0
546162,0,0,0,1272.29,0,0
190340,0,0,0,1272.4,0,0
513265,0,0,0,1273.95,0,0
1039179,1,0,0,1274.01,-1,-1
628026,0,0,0,1274.05,0,0
494352,0,0,0,1274.05,0,0
145157,1,0,0,1274.18,-1,-1
549084,0,0,0,1274.33,0,0
1606618,0,0,0,1274.57,0,0
1336726,0,0,0,1274.58,0,0
139343,1,1,1,1276.3,0,0
1210027,1,1,1,1276.51,0,0
1666417,1,1,1,1278.11,0,0
1291674,1,1,1,1278.48,0,0
805412,1,1,1,1288.95,0,0
1174700,1,1,1,1290.31,0,0
1155891,0,0,0,1290.38,0,0
1116124,0,0,0,1290.41,0,0
987828,1,0,1,1290.78,-1,0
862409,0,0,0,1291.09,0,0
967778,0,0,0,1291.31,0,0
1189448,1,0,0,1292.8,-1,-1
357638,0,0,0,1292.82,0,0
1262644,1,0,0,1292.84,-1,-1
229072,0,0,0,1292.92,0,0
1160282,0,0,0,1293.06,0,0
1714548,0,0,0,1293.07,0,0
590126,0,0,0,1293.17,0,0
2247342,1,1,1,1293.42,0,0
2085726,1,0,0,1295.17,-1,-1
1876071,1,0,0,1295.18,-1,-1
2024017,1,0,1,1295.18,-1,0
1633287,0,0,0,1295.24,0,0
31416,0,0,0,1295.43,0,0
1509969,0,0,0,1295.68,0,0
1282482,0,0,0,1297.13,0,0
1022889,0,0,0,1297.21,0,0
871696,1,0,1,1297.25,-1,0
1161613,0,0,0,1297.27,0,0
791262,0,0,0,1297.29,0,0
608552,1,0,1,1297.3,-1,0
1000217,0,0,0,1297.37,0,0
2112550,1,1,1,1297.6,0,0
1985995,1,0,0,1297.6,-1,-1
1909157,1,0,0,1297.6,-1,-1
284886,0,0,0,1297.65,0,0
630654,0,0,0,1297.74,0,0
213388,0,0,0,1297.78,0,0
63286,0,0,0,1298.21,0,0
1232026,0,0,0,1298.23,0,0
1982959,0,0,0,1299.55,0,0
308709,0,0,0,1299.84,0,0
1406526,0,0,0,1299.89,0,0
40798,0,0,0,1300.21,0,0
1372473,0,0,0,1300.51,0,0
1297376,1,1,1,1305.51,0,0
419394,0,0,0,1311.06,0,0
1013113,0,0,0,1311.38,0,0
258279,0,0,0,1311.5,0,0
200568,0,0,0,1311.54,0,0
1901190,0,0,0,1311.66,0,0
868829,0,0,0,1311.78,0,0
1362816,0,0,0,1311.86,0,0
705895,1,0,0,1312.39,-1,-1
1096540,0,0,0,1312.46,0,0
600691,0,0,1,1312.48,0,1
480333,0,0,0,1312.5,0,0
1552427,0,0,0,1312.62,0,0
1285502,0,0,0,1313.67,0,0
19810,0,0,0,1313.78,0,0
599463,0,0,0,1313.88,0,0
216232,0,0,0,1314.02,0,0
2059940,1,0,0,1314.07,-1,-1
636407,0,0,0,1314.21,0,0
1923354,0,0,0,1314.25,0,0
1598208,0,0,0,1314.38,0,0
1693708,0,0,0,1314.41,0,0
566070,0,0,0,1314.48,0,0
627906,0,0,0,1314.49,0,0
1113389,0,0,0,1316.02,0,0
652700,0,0,0,1316.04,0,0
776901,0,0,0,1316.66,0,0
1803735,0,0,0,1316.76,0,0
1023138,0,0,0,1316.81,0,0
1101262,0,0,0,1316.82,0,0
749035,0,0,0,1316.87,0,0
674689,0,0,0,1316.87,0,0
1221607,0,0,0,1322.99,0,0
1175979,0,0,0,1323.08,0,0
1334474,0,0,0,1323.08,0,0
787419,0,0,0,1323.42,0,0
1307689,0,0,0,1323.46,0,0
337044,1,1,1,1325.92,0,0
37427,1,1,1,1326.24,0,0
2042182,1,1,1,1326.35,0,0
1979789,0,0,0,1326.63,0,0
1475062,0,0,0,1328.67,0,0
220327,1,1,1,1330.52,0,0
39786,1,0,0,1331.09,-1,-1
1613511,1,0,0,1332.83,-1,-1
1749451,1,0,0,1332.83,-1,-1
624244,0,0,0,1332.94,0,0
869871,0,0,0,1332.96,0,0
253151,0,0,0,1333.0,0,0
857384,0,0,0,1333.21,0,0
1569390,1,0,0,1333.36,-1,-1
1666762,0,0,0,1333.4,0,0
942111,0,0,0,1333.4,0,0
428506,0,0,0,1333.43,0,0
398883,0,0,0,1333.45,0,0
1655691,0,0,0,1333.56,0,0
1651343,1,1,1,1339.39,0,0
2033008,1,0,0,1339.42,-1,-1
859966,1,1,1,1339.94,0,0
571287,1,1,1,1340.72,0,0
559249,1,0,0,1342.71,-1,-1
1344313,0,0,0,1343.04,0,0
1850285,0,0,0,1343.15,0,0
297510,0,0,0,1343.22,0,0
1413394,0,0,0,1343.33,0,0
956406,1,0,1,1345.37,-1,0
1020513,1,0,1,1345.37,-1,0
730205,0,0,0,1345.91,0,0
389480,0,0,0,1346.02,0,0
573428,0,0,0,1346.16,0,0
1763020,0,0,0,1350.19,0,0
1744387,1,0,0,1350.19,-1,-1
1271757,0,0,0,1350.22,0,0
296276,0,0,0,1350.33,0,0
145293,0,0,0,1350.35,0,0
117687,0,0,0,1350.37,0,0
1177590,0,0,0,1357.68,0,0
1691357,0,0,0,1357.74,0,0
1618282,0,0,0,1357.84,0,0
1017077,1,0,0,1359.46,-1,-1
1460562,0,0,0,1359.64,0,0
243572,0,0,0,1359.65,0,0
42170,0,0,0,1359.66,0,0
255072,0,0,0,1359.68,0,0
1921351,1,0,0,1359.68,-1,-1
1002321,1,1,1,1360.13,0,0
470225,1,1,1,1360.94,0,0
1051461,1,1,1,1361.13,0,0
1355232,1,1,1,1361.14,0,0
1479851,1,1,1,1363.31,0,0
634906,1,1,1,1364.75,0,0
1482708,1,1,1,1365.91,0,0
2362586,1,1,1,1365.91,0,0
1438715,1,1,1,1366.05,0,0
1033117,1,0,0,1372.83,-1,-1
620574,1,0,0,1372.83,-1,-1
450428,0,0,0,1372.83,0,0
806678,0,0,0,1373.1,0,0
506149,0,0,0,1373.68,0,0
235592,0,0,0,1373.72,0,0
2201313,1,1,1,1373.84,0,0
1067404,1,1,1,1374.18,0,0
516159,0,0,0,1374.65,0,0
338218,0,0,0,1375.11,0,0
425444,0,0,0,1375.11,0,0
1872038,1,0,0,1375.19,-1,-1
1653166,1,0,0,1375.19,-1,-1
2110249,1,0,0,1375.19,-1,-1
1581990,1,0,0,1375.34,-1,-1
674804,0,0,0,1375.57,0,0
528649,0,0,0,1375.65,0,0
696576,1,1,1,1376.61,0,0
844229,1,1,1,1376.67,0,0
680436,1,1,1,1376.68,0,0
688206,1,1,1,1376.68,0,0
1068865,1,1,1,1376.69,0,0
490767,1,1,1,1376.69,0,0
328701,1,1,1,1376.69,0,0
482705,1,1,1,1376.69,0,0
982770,1,1,1,1376.7,0,0
986002,1,1,1,1376.7,0,0
989214,1,0,0,1376.7,-1,-1
708459,1,1,1,1376.74,0,0
1795874,0,0,0,1378.35,0,0
697840,0,0,0,1378.38,0,0
236632,0,0,0,1378.42,0,0
131593,0,0,0,1379.23,0,0
82393,0,0,0,1379.24,0,0
1171454,0,0,0,1379.47,0,0
1083057,0,0,0,1379.86,0,0
664396,0,0,0,1380.0,0,0
1533725,0,0,0,1381.5,0,0
1984711,1,0,1,1381.53,-1,0
2083489,1,0,1,1381.53,-1,0
1510864,0,0,0,1381.56,0,0
1994862,0,0,0,1381.58,0,0
1495083,0,0,0,1381.58,0,0
1822885,0,0,0,1381.73,0,0
622463,0,0,0,1381.84,0,0
1780988,0,0,0,1382.15,0,0
219764,1,0,0,1382.47,-1,-1
47518,0,0,0,1382.91,0,0
1758026,1,0,1,1383.56,-1,0
1981556,0,0,0,1389.77,0,0
1382832,0,0,0,1390.1,0,0
1267659,1,1,1,1390.82,0,0
1726574,0,0,0,1391.03,0,0
1757852,0,0,0,1391.08,0,0
1885473,0,0,0,1391.13,0,0
1520702,0,0,0,1391.6,0,0
1948506,1,0,0,1393.29,-1,-1
1696320,0,0,0,1394.19,0,0
1280011,0,0,0,1394.23,0,0
907151,0,0,0,1394.43,0,0
86740,1,0,0,1395.1,-1,-1
460986,1,0,0,1395.11,-1,-1
530822,1,1,1,1395.22,0,0
31344,1,1,1,1395.64,0,0
1570706,0,0,0,1396.82,0,0
132366,0,0,0,1397.71,0,0
151352,0,0,0,1397.73,0,0
611202,0,0,0,1398.0,0,0
1735220,0,0,0,1398.09,0,0
505189,0,0,0,1398.2,0,0
792005,0,0,0,1398.27,0,0
457960,0,0,0,1398.28,0,0
1498276,0,0,0,1398.58,0,0
1507391,0,0,0,1398.8,0,0
1729191,0,0,0,1398.96,0,0
298102,0,0,0,1399.92,0,0
1552440,0,0,0,1400.18,0,0
1967790,0,0,0,1400.47,0,0
788702,0,0,0,1400.63,0,0
595134,0,0,0,1400.66,0,0
1047152,0,0,0,1400.68,0,0
869115,0,0,0,1400.87,0,0
950528,0,0,0,1406.32,0,0
225008,1,0,1,1406.36,-1,0
1698965,0,0,0,1406.44,0,0
616402,0,0,0,1407.27,0,0
1545308,0,0,0,1407.35,0,0
913660,0,0,0,1408.05,0,0
839253,0,0,0,1408.24,0,0
202944,1,0,1,1408.46,-1,0
1828606,0,0,0,1408.47,0,0
737575,0,0,0,1409.35,0,0
1262882,0,0,0,1409.38,0,0
563135,0,0,0,1409.79,0,0
827102,0,0,0,1409.83,0,0
1002915,0,0,0,1411.9,0,0
555846,0,0,0,1412.05,0,0
337168,0,0,0,1412.13,0,0
412688,1,0,0,1412.14,-1,-1
1709042,0,0,0,1412.44,0,0
1162647,0,0,0,1412.77,0,0
1021404,0,0,0,1412.78,0,0
1523850,1,0,1,1412.82,-1,0
651120,0,0,0,1412.97,0,0
273311,0,0,0,1413.25,0,0
660342,0,0,0,1413.55,0,0
757224,0,0,0,1414.33,0,0
75624,1,0,0,1414.89,-1,-1
1264985,0,0,0,1415.07,0,0
1620576,0,0,0,1415.23,0,0
1516497,0,0,0,1415.25,0,0
943027,0,0,0,1415.32,0,0
1267429,0,0,0,1423.12,0,0
195356,0,0,0,1424.24,0,0
795743,0,0,0,1424.58,0,0
1071108,0,0,0,1424.63,0,0
442482,0,0,0,1424.64,0,0
576098,0,0,0,1424.71,0,0
928129,0,0,0,1424.71,0,0
1614540,0,0,0,1424.79,0,0
1972692,0,0,0,1424.99,0,0
672146,0,0,0,1425.12,0,0
123457,0,0,0,1425.3,0,0
212732,0,0,0,1425.31,0,0
239080,0,0,0,1425.35,0,0
315858,0,0,0,1425.36,0,0
527509,0,0,0,1425.37,0,0
1293831,0,0,0,1425.37,0,0
1566629,0,0,0,1425.49,0,0
5476,0,0,0,1425.53,0,0
1936518,0,0,0,1425.6,0,0
1770154,0,0,0,1429.59,0,0
1830405,0,0,0,1429.8,0,0
1148578,0,0,1,1432.07,0,1
1577495,1,1,1,1434.51,0,0
1205460,1,1,1,1441.59,0,0
165666,1,1,1,1441.98,0,0
2309175,1,1,1,1442.12,0,0
246573,1,1,1,1443.28,0,0
486378,1,1,1,1444.43,0,0
783217,0,0,0,1445.5,0,0
854373,0,0,0,1445.57,0,0
1964827,0,0,0,1445.81,0,0
767646,0,0,0,1446.0,0,0
466045,0,0,0,1446.17,0,0
836531,0,0,0,1446.18,0,0
1915120,0,0,0,1446.24,0,0
1633930,0,0,0,1446.42,0,0
1804686,0,0,0,1446.74,0,0
622256,0,0,0,1447.09,0,0
250741,0,0,0,1447.81,0,0
30277,0,0,0,1447.82,0,0
1188546,0,0,0,1449.23,0,0
1486744,0,0,0,1449.24,0,0
1290589,0,0,0,1449.26,0,0
1324525,0,0,0,1449.38,0,0
912023,0,0,0,1449.97,0,0
1174267,0,0,0,1450.02,0,0
144624,0,0,0,1457.86,0,0
1733546,0,0,0,1457.88,0,0
1746534,1,1,1,1457.96,0,0
1771714,0,0,0,1458.32,0,0
853923,0,0,0,1459.8,0,0
1038709,0,0,0,1459.83,0,0
684341,1,1,1,1460.2,0,0
2206958,1,1,1,1463.19,0,0
1507305,0,0,0,1465.37,0,0
1024749,0,0,0,1465.41,0,0
1175293,0,0,0,1465.48,0,0
8300,0,0,0,1465.5,0,0
290670,0,0,0,1465.52,0,0
1201796,0,0,0,1465.62,0,0
615662,0,0,0,1466.87,0,0
37276,1,0,0,1466.9,-1,-1
954742,0,0,0,1467.13,0,0
88365,0,0,0,1467.3,0,0
637271,0,0,0,1478.21,0,0
2268759,1,1,1,1479.13,0,0
2305865,1,1,1,1479.22,0,0
1981363,1,1,1,1479.37,0,0
2313913,1,1,1,1479.43,0,0
1276919,1,1,1,1479.99,0,0
1515292,1,1,1,1479.99,0,0
1286475,1,1,1,1479.99,0,0
1286476,1,1,1,1483.69,0,0
1372727,1,0,0,1484.04,-1,-1
1526927,1,0,0,1484.08,-1,-1
917463,0,0,0,1484.12,0,0
1681769,0,0,0,1484.88,0,0
226938,1,0,1,1485.15,-1,0
941417,0,0,0,1485.16,0,0
1367788,0,0,0,1485.25,0,0
10212,1,1,1,1490.4,0,0
2166875,1,1,1,1490.73,0,0
301514,0,0,0,1496.37,0,0
1961410,1,1,1,1500.71,0,0
1621282,1,1,1,1500.73,0,0
1156529,1,1,1,1500.78,0,0
507244,1,1,1,1501.1,0,0
1056754,1,1,1,1501.27,0,0
1626327,1,1,1,1501.27,0,0
137088,1,1,1,1507.92,0,0
647982,1,1,1,1508.28,0,0
325615,1,1,1,1510.62,0,0
110674,1,1,1,1513.39,0,0
1225130,1,1,1,1514.01,0,0
1912544,1,1,1,1515.94,0,0
1843856,1,1,1,1515.95,0,0
1461608,1,1,1,1527.61,0,0
1251964,1,1,1,1527.62,0,0
267490,1,1,1,1528.12,0,0
2158026,1,1,1,1529.43,0,0
364924,1,1,1,1530.32,0,0
1375329,0,0,0,1532.4,0,0
102582,1,1,1,1532.45,0,0
113587,1,1,1,1532.59,0,0
667077,1,1,1,1532.9,0,0
1294896,1,1,1,1541.21,0,0
16409,1,1,1,1541.93,0,0
121193,1,1,1,1543.71,0,0
1715724,1,1,1,1543.72,0,0
2327592,1,1,1,1543.72,0,0
681137,1,1,1,1544.72,0,0
836678,1,1,1,1547.21,0,0
1523568,0,0,0,1547.46,0,0
1914356,0,0,0,1549.14,0,0
723148,1,0,0,1549.2,-1,-1
1145042,0,0,0,1549.21,0,0
1052494,1,0,0,1549.29,-1,-1
1201154,0,0,0,1549.3,0,0
889246,0,0,0,1549.51,0,0
396774,1,0,0,1549.55,-1,-1
328834,1,0,0,1549.55,-1,-1
252597,0,0,0,1549.55,0,0
1334079,0,0,0,1549.59,0,0
2348721,1,1,1,1551.05,0,0
2245915,1,1,1,1557.26,0,0
2154746,1,1,1,1558.12,0,0
1714809,0,0,0,1558.86,0,0
551613,0,0,0,1558.98,0,0
885819,0,0,0,1559.05,0,0
1244808,0,0,0,1559.22,0,0
1201589,0,0,0,1559.34,0,0
1264696,0,0,0,1559.38,0,0
1237924,0,0,0,1561.44,0,0
1418500,0,0,0,1561.56,0,0
1343453,1,1,1,1563.57,0,0
380143,1,1,1,1563.96,0,0
1863149,0,0,0,1566.3,0,0
318039,0,0,0,1566.52,0,0
2113063,1,0,0,1567.62,-1,-1
1461124,1,1,1,1575.07,0,0
1664869,1,1,1,1579.8,0,0
811905,1,0,0,1582.58,-1,-1
1383438,0,0,0,1583.0,0,0
1735289,0,0,0,1583.0,0,0
1330817,0,0,0,1583.28,0,0
1472250,0,0,0,1583.3,0,0
255434,0,0,0,1583.32,0,0
189769,0,0,0,1583.32,0,0
411760,0,0,0,1583.47,0,0
464113,0,0,0,1584.49,0,0
674203,0,0,0,1584.51,0,0
400271,0,0,0,1584.51,0,0
646191,1,1,1,1585.65,0,0
716570,1,1,1,1591.06,0,0
1385171,1,1,1,1592.02,0,0
2336665,1,1,1,1592.37,0,0
2333319,1,1,1,1592.38,0,0
765259,1,1,1,1594.0,0,0
1136337,1,1,1,1594.58,0,0
925773,1,1,1,1596.7,0,0
2165067,1,1,1,1599.0,0,0
805110,1,1,1,1599.23,0,0
1986538,1,1,1,1601.29,0,0
1361973,0,0,0,1602.28,0,0
83567,1,1,1,1609.23,0,0
487187,0,0,0,1609.66,0,0
372655,1,0,0,1609.69,-1,-1
100655,0,0,0,1609.81,0,0
1177247,0,0,0,1611.02,0,0
1179562,0,0,0,1611.05,0,0
646892,0,0,0,1611.7,0,0
800573,1,0,0,1611.7,-1,-1
660010,0,0,0,1611.81,0,0
425622,0,0,0,1611.95,0,0
817065,0,0,0,1611.98,0,0
4998,1,1,1,1613.54,0,0
1534605,0,0,0,1616.35,0,0
1688874,0,0,0,1616.36,0,0
300173,0,0,0,1616.66,0,0
1742770,0,0,0,1618.09,0,0
468846,0,0,0,1618.18,0,0
1860846,1,1,1,1618.25,0,0
1257863,1,1,1,1618.36,0,0
47695,1,1,1,1618.71,0,0
118389,1,1,1,1624.41,0,0
2292825,1,1,1,1624.6,0,0
1685429,0,0,0,1624.65,0,0
850988,1,1,1,1624.8,0,0
1571496,1,1,1,1627.43,0,0
2039692,1,1,1,1627.49,0,0
1846074,1,1,1,1627.52,0,0
1788882,0,0,0,1630.43,0,0
5038,0,0,0,1630.44,0,0
1073146,1,1,1,1630.48,0,0
733113,0,0,0,1630.5,0,0
1130910,1,0,0,1630.55,-1,-1
921577,0,0,0,1630.56,0,0
623072,0,0,0,1630.82,0,0
1987031,0,0,0,1630.95,0,0
1689860,0,0,0,1631.04,0,0
629033,0,0,0,1631.19,0,0
209580,0,0,0,1631.25,0,0
39313,1,1,1,1632.01,0,0
330411,0,0,0,1632.46,0,0
1829084,1,1,1,1633.02,0,0
47339,0,0,0,1636.99,0,0
1738125,0,0,0,1637.01,0,0
1717685,0,0,0,1637.09,0,0
991531,0,0,0,1640.67,0,0
895203,0,0,0,1640.71,0,0
851095,0,0,0,1640.75,0,0
1833122,0,0,0,1642.16,0,0
2173463,1,1,1,1644.35,0,0
2240570,1,1,1,1647.08,0,0
217348,0,0,0,1647.89,0,0
1608454,1,1,1,1648.95,0,0
1165911,1,1,1,1651.62,0,0
657199,1,1,1,1651.7,0,0
1490668,1,1,1,1652.7,0,0
771133,1,1,1,1659.43,0,0
158035,1,1,1,1660.33,0,0
1388512,1,1,1,1661.63,0,0
775727,1,0,1,1662.23,-1,0
1690419,0,0,0,1662.6,0,0
1847005,0,0,0,1663.89,0,0
1661306,1,1,1,1663.91,0,0
1326812,1,1,1,1664.43,0,0
1910126,0,0,0,1664.72,0,0
458309,0,0,0,1664.79,0,0
1964152,0,0,0,1664.91,0,0
812774,1,0,0,1664.99,-1,-1
981595,0,0,0,1666.62,0,0
1285911,0,0,0,1666.63,0,0
709339,1,0,0,1666.74,-1,-1
1317437,0,0,0,1666.8,0,0
982206,0,0,0,1666.81,0,0
1679268,0,0,0,1667.0,0,0
1896599,1,0,0,1667.0,-1,-1
1385918,0,0,0,1667.03,0,0
841508,0,0,0,1667.24,0,0
1559378,0,0,0,1667.28,0,0
2155875,1,1,1,1668.82,0,0
330112,1,1,1,1674.43,0,0
2208608,1,1,1,1698.47,0,0
1044010,1,1,1,1709.6,0,0
831424,1,1,1,1713.28,0,0
